NOM_ZM,POBTOT,POBFEM,POBMAS,P_0A2,P_3A5,P_6A11,P_12A14,P_15A17,POB15_64,P_60YMAS,P_15YMAS,P_18YMAS,PNACOE,PNACOE_F,PRESOE15,PCON_DISC,P15YM_AN,P15SEC_CO,P18YM_PB,PE_INAC,POCUPADA,POCUPADA_F,POCUPADA_M,PDESOCUP,PSINDER,PDER_IMSS,PDER_SEGP,PAFIL_IPRIV,PCATOLICA,PRO_CRIEVA,POTRAS_REL,PSIN_RELIG,TOTHOG,HOGJEF_F,POBHOG,PHOGJEF_F,PHOGJEF_M,VIVTOT,TVIVHAB,PROM_OCUP,PRO_OCUP_C,VPH_1DOR,VPH_C_ELEC,VPH_AGUADV,VPH_TINACO,VPH_CISTER,VPH_EXCSA,VPH_DRENAJ,VPH_REFRI,VPH_LAVAD,VPH_BICI,VPH_TV,VPH_PC,VPH_CEL,VPH_INTER,VPH_SPMVPI,PCDISC_MOT,PCDISC_VIS,PCDISC_LENG,PCDISC_AUD,PROM_OCUP,PRO_OCUP_C
Acapulco,852622,445313,407309,36535,40920,86306,43404,44042,555330,117874,636234,592192,59967,30492,13492,53443,40548,130680,286607,255878,412725,182516,230209,7967,236843,290127,212656,3815,613756,107536,901,120282,245301,95802,849445,315225,534220,358162,245411,6,2,95754,240983,224913,148811,55171,229713,230718,217787,139901,19467,216827,67660,212140,112162,25389,28605,23047,7838,10264,3.0,1.0
Acayucan,114416,59795,54621,5045,5584,11687,5911,5965,75673,15207,86168,80203,7871,4181,2155,6735,8554,15522,32725,34159,56594,23759,32835,965,43683,26996,35621,942,72525,24951,94,16725,33864,12660,113741,39426,74315,41458,33880,9,3,13754,33314,30720,14490,3434,32527,32691,28003,21708,3399,27886,6896,28165,10083,2133,3008,3223,1126,1618,3.0,1.0
Aguascalientes,1140916,583919,556997,55026,61004,121938,61075,61158,763889,116390,840674,779516,250146,130663,51307,54795,14775,221879,407140,318395,570373,243977,326396,11653,211072,687792,152244,30895,1004971,63700,1799,67440,316379,99037,1137351,320409,816942,376264,316562,9,1,67290,315023,314325,236264,139832,314345,314535,301291,276786,73754,304386,157619,298433,206586,92365,26327,23047,7075,9852,3.0,0.3
Campeche,294077,152522,141555,12287,14049,27355,13380,13520,201182,37321,226479,212959,42759,22131,7638,19010,7485,48491,118958,89926,147105,64715,82390,2337,57005,137833,62572,2929,187640,65779,533,39226,85297,30672,293199,99637,193562,101576,85353,3,0,33425,84565,84383,71801,9791,83546,83662,78024,69521,10748,78468,39358,78059,51974,19202,9632,8525,2476,3576,3.0,0.0
Cancún,934189,463322,470867,39160,44841,91085,44384,41965,669043,60983,705433,663468,540449,269146,106672,32492,13363,181067,355966,232529,505658,205725,299933,9285,244614,509501,112398,20225,514967,186512,2529,218032,293820,96157,932005,297130,634875,346554,293890,6,2,118100,289196,286019,274237,74137,289906,288710,268337,227043,54177,263616,119830,278109,179320,77315,12811,16457,5699,5744,3.0,1.0
Celaya,767104,395804,371300,35824,41501,77828,39468,40292,513592,86850,571579,531287,69420,34828,12503,31798,24023,169187,226926,232647,369816,154596,215220,6912,174606,329293,205279,11327,681844,38459,601,44312,204727,70991,765587,250968,514619,258782,204842,14,3,51752,203336,200122,157193,79857,199389,199755,191270,166229,93839,194170,80106,180262,109522,35227,16207,13035,5090,6705,3.5,0.8
Chetumal,233648,118552,115096,9477,11126,23154,11700,11642,161046,25741,177849,166207,78047,39850,8923,11128,7242,44859,83221,67008,120140,50501,69639,2046,48523,69817,61298,1842,132351,49335,344,50899,70753,24412,232061,76980,155081,87728,70782,3,1,30603,69228,68746,59985,24183,68786,69065,62148,55794,20299,60828,27957,64914,40605,14848,5402,4869,1741,2173,3.0,1.0
Chihuahua,988065,504489,483576,39704,46334,91039,46040,46847,682738,121637,762873,716026,75140,36693,15638,42209,8031,185990,413850,292619,504923,220747,284176,9586,109571,577567,131419,47007,773338,102683,1024,105914,316126,113766,982589,325472,657117,371696,316246,9,0,75768,314806,312695,237225,25301,313842,314016,309952,287298,27753,305154,169569,299293,215675,109214,22497,16018,5789,8254,3.0,0.0
Chilpancingo,336480,176258,160222,18404,19166,37625,18237,18299,219997,33902,242774,224475,16238,7946,5065,16336,16198,44243,120726,90079,165927,76442,89485,3335,91520,45141,125617,1747,252822,42911,618,39341,84980,32350,333888,120450,213438,110941,85069,7,2,31526,84275,75883,69548,40327,82178,83072,74744,45192,4098,75849,32254,75232,45821,11102,7436,7393,2387,3331,3.5,1.0
Ciudad Victoria,349688,180459,169229,14860,16607,34240,17538,17324,236254,44810,266161,248837,26864,13855,4555,15089,4672,50086,156804,108365,169807,75810,93997,4235,47692,136586,69945,6566,239972,62347,233,45295,101652,34478,348121,107921,240200,124897,101678,3,0,28201,100877,99557,41130,3468,98615,99175,97731,86659,17120,96468,47982,95397,63597,23385,7154,6415,2416,3014,3.0,0.0
Coatzacoalcos,355738,184944,170794,13766,17599,31702,15608,15979,244989,48515,276388,260409,68527,36844,8126,21819,10306,52264,139222,115826,169277,73915,95362,6305,73852,151286,71867,2191,202114,92417,329,59778,111965,40676,354109,120864,233245,148923,111988,9,1,43005,110833,107612,62417,9633,110750,110363,103142,91799,8103,101858,42229,103585,62981,20527,10204,10639,2882,4300,3.0,0.3
Colima-Villa de álvarez,230813,117552,113261,8398,9653,21333,10860,11310,154244,36295,179872,168562,51928,27006,10035,14681,5316,40063,84436,70285,117984,50753,67231,1959,40890,109126,58327,4206,200481,14088,274,14968,72163,25446,228770,74804,153966,93030,72273,12,2,23064,71332,71208,55692,22149,71212,71356,67272,54825,9850,66200,30468,65050,45141,14571,7673,6093,1880,2881,3.0,0.5
Cuautla,483455,249486,233969,21427,24072,49615,25272,25580,318542,64440,362856,337276,118914,62976,19577,27155,18167,100223,144270,136906,245365,105929,139436,4072,146155,130900,159888,3407,334260,74778,708,73032,134740,46754,481547,155996,325551,210803,134796,18,5,48545,133482,126215,102206,61869,130386,131867,119163,86335,34852,122551,43179,120346,65195,15457,13153,11553,4031,6244,3.0,0.8
Cuernavaca,1028589,534494,494095,40227,46743,94969,49614,50333,695112,147097,796468,746135,315386,170301,46683,55382,26709,194411,389013,299046,531419,238522,292897,13156,299769,400646,230084,18337,721333,142040,2500,160508,299189,108778,1023035,345840,677195,434178,299362,24,5,90060,297471,290243,249576,149820,294515,295517,277638,207407,35879,275474,131189,273041,190811,66334,27016,23834,7910,13105,3.0,0.6
Culiacán,1003530,512484,491046,46505,49512,100904,51122,50846,678895,111713,753646,702800,93551,47384,23561,41959,19539,126850,420475,294747,498256,214159,284097,6742,202978,557343,130547,17763,793717,81727,607,124543,281567,104712,991401,350864,640537,340656,281726,3,0,70537,280185,278202,143263,6212,276096,277566,274238,231364,37330,268037,137551,267476,175867,76748,20352,17394,6895,7524,3.0,0.0
Córdoba,335950,177549,158401,13099,15662,32335,16360,16632,225859,46895,258440,241808,23835,13075,5003,16071,10939,50891,115307,102977,168505,73807,94698,2760,107890,150843,58053,5739,287397,30470,381,17478,100742,37658,334502,115160,219342,126413,100777,12,1,35374,99869,96117,72418,14340,98064,99372,87477,67144,7480,92102,35230,88868,54943,15772,7081,7125,2576,3882,3.0,0.2
Delicias,195359,99151,96208,9026,9925,19983,10279,9802,128978,25158,146033,136231,16930,8347,3124,9272,3024,38664,61064,60131,93948,39177,54771,2006,26683,115405,31958,3599,153090,20734,141,21050,61516,21901,195035,65392,129643,74923,61544,6,0,18368,61222,61161,19781,1092,61063,61156,59890,55316,13403,59153,24076,57635,34314,13769,5111,3376,1447,1653,3.0,0.0
Durango,688697,353285,335412,31927,37947,75830,35765,36136,454946,75853,505256,469120,53906,27013,15557,38618,7080,147792,241171,204076,327143,140996,186147,8340,173476,302609,98551,7195,573001,59370,752,52716,186768,67773,683730,232395,451335,224232,186870,3,0,38612,185488,184775,162364,67250,182200,183670,176214,149114,45496,179186,85610,173659,107117,43799,19567,16270,4643,6684,3.0,0.0
Ensenada,443807,222500,221307,18918,21114,42133,21509,20882,304500,53463,339720,318838,159809,80717,24414,20367,7752,75838,165913,127562,228454,96410,132044,3106,77808,203713,105448,9994,253458,86307,604,102020,139850,47568,440625,141836,298789,171203,139968,3,0,43494,136311,132593,55127,10326,128536,131315,128859,111627,19231,127369,68939,131092,92742,45288,9811,8431,2674,3594,3.0,0.0
Guadalajara,4540892,2317267,2223625,188946,219245,426147,215898,220948,3064783,557947,3440678,3219730,602394,309281,98534,200538,63185,779319,1740490,1252926,2350198,1018231,1331967,35405,1368204,2541212,283450,179100,3978801,236672,6417,259774,1271390,452827,4514537,1511332,3003205,1495081,1272231,27,5,273304,1254607,1251038,995430,622254,1253058,1252915,1216078,1075973,294353,1213648,664638,1181909,889366,404171,103611,81314,28769,40183,3.0,0.6
Guanajuato,194500,100462,94038,9462,10214,19242,9719,9488,132066,20789,145735,136247,11816,6115,2676,7940,4821,37352,68296,59323,93436,40021,53415,2317,27808,66668,59389,5880,176707,6243,186,10818,51675,18768,193690,65105,128585,63114,51688,3,0,12292,51321,49641,46778,6064,49893,50011,48561,42650,5158,48522,25168,46529,31336,11362,3837,3459,1180,1786,3.0,0.0
Guaymas,208294,104339,103955,9504,10550,20942,10523,10411,138443,27786,156655,146244,26315,12702,4787,11105,3572,43281,68499,65269,98749,40716,58033,1681,32990,124535,29655,3229,159601,22093,85,26113,61900,22795,206157,73894,132263,79927,61943,6,0,20943,61114,60885,41614,10370,54343,56481,56997,44170,11072,57492,25501,56416,35534,13083,5411,4940,1576,1932,3.0,0.0
Hermosillo,936263,468773,467490,35876,43782,93320,47793,46163,646237,104402,713519,667356,115327,54830,23472,41409,10245,157926,401494,274767,471237,199063,272174,9322,166919,520283,94217,44721,733294,97158,610,101403,278550,97515,927042,307083,619959,326410,278712,3,0,75129,276314,275869,161778,19419,272391,274278,267153,222725,38120,261060,149299,264173,195823,92020,19542,17479,6044,7520,3.0,0.0
Hidalgo del Parral,121666,62935,58731,5631,6349,12379,6099,6053,79848,16411,91101,85048,10768,5559,2517,6563,1617,21285,42233,40745,54906,22461,32445,1359,14073,61589,28473,2164,96256,12959,36,12190,35970,12962,121201,40172,81029,43378,35989,6,0,9119,35768,35713,33292,3224,35650,35674,34731,31098,2016,34305,16041,33277,21512,7587,3199,2659,872,1399,3.0,0.0
Juárez,1512450,755473,756977,61661,75783,158006,84852,82775,1042232,134989,1127670,1044895,410142,205031,58446,64510,15008,328216,481392,424859,773941,321981,451960,11113,281293,995662,111663,53709,990518,217017,1606,295236,449452,152263,1505714,492203,1013511,520392,449602,3,0,131922,447215,445394,21983,4210,445733,446184,436106,395092,42892,433849,203599,422130,286079,121797,28426,30210,10133,10723,3.0,0.0
La Laguna,1434283,729228,705055,71487,78395,149120,73539,74215,950766,164764,1059547,985332,218577,112902,37660,67978,17558,274570,498847,443834,669804,275655,394149,16470,317997,878030,95555,33336,1128114,171756,1178,129277,409567,130531,1428980,419172,1009808,496532,409721,15,0,96573,407953,406938,271356,85105,402868,404318,393913,341478,108738,396005,163269,375803,223841,84283,33137,29553,9347,12406,3.0,0.0
La Paz,292241,146438,145803,10882,12776,26992,13547,14005,203031,37267,227140,213135,79830,39528,15230,15395,4043,46226,127126,84914,152265,64678,87587,2565,41161,133165,51140,5587,228451,27537,512,34262,91287,31036,290063,91547,198516,116231,91366,3,0,25232,89585,88540,81226,25704,88640,89503,85904,68316,11036,84222,49535,86795,63033,30943,7333,6985,1914,2726,3.0,0.0
La Piedad-Pénjamo,261450,135552,125898,13424,14176,27963,13519,13448,167182,35000,192319,178871,35425,18634,4038,17014,13217,45759,57134,82847,120261,46469,73792,1970,65042,71916,107152,1748,237812,13955,105,9325,69166,23090,260418,79971,180447,93810,69189,6,1,19452,68702,67785,56475,21345,65379,65585,64038,53593,14327,64840,19680,57037,27785,6666,9415,6583,2226,3324,3.0,0.5
León,1924771,978025,946746,96999,104979,203072,102200,103946,1292529,183913,1413289,1309343,184912,93035,39690,84613,50028,401566,551396,516850,974718,406556,568162,19318,410959,1010672,379913,46018,1740550,77941,2408,95689,487264,153418,1919833,573078,1346755,568823,487495,7,2,104853,484158,467189,401285,168946,481015,480517,455411,411298,156482,465899,206228,445102,279724,108557,38949,37106,12748,16257,3.5,1.0
Matamoros,541979,274081,267898,24460,28314,56263,28433,27941,368765,54690,403834,375893,110918,58090,12125,27446,8837,110241,174553,157450,267394,110611,156783,6627,131752,289064,81988,9370,336538,112136,358,91827,159564,51092,540093,161483,378610,195499,159609,3,0,52212,157814,155372,58905,19331,151909,152821,149691,110681,27289,149471,55715,148769,90738,30233,12311,12885,4091,4838,3.0,0.0
Mazatlán,501441,256060,245381,21023,22246,47651,24814,24500,341005,66475,385587,361087,73935,37515,19070,23927,7183,72290,206308,152583,252587,108450,144137,3958,99672,275858,61086,11843,385129,49129,512,65723,152884,55536,498785,171635,327150,196436,152976,3,0,50381,152024,151470,101316,22309,150855,151270,146344,120231,32320,144485,70136,141733,96531,40143,11966,9997,3514,4173,3.0,0.0
Mexicali,1049792,520544,529248,37394,45624,99545,51804,51325,734081,122934,814668,763343,302068,151904,32856,44519,13134,208697,399411,311290,540835,222980,317855,7949,190666,576267,142247,41859,692341,148322,1095,203845,330356,103068,1042395,304079,738316,385642,330500,3,0,93960,326832,326350,5467,2303,315458,317589,319303,289682,67648,313757,166799,309193,226594,110551,21524,18650,6575,7959,3.0,0.0
Minatitlán,359228,188610,170618,13525,17554,34808,17517,18024,241312,50586,275662,257638,36672,19683,6849,21916,17119,53715,116583,119881,167380,71044,96336,5261,97509,103977,103629,1423,208209,94494,322,55884,111235,38352,359136,112526,246610,139303,111245,18,4,47316,109656,97489,47347,8837,108368,108845,95748,80882,13335,94944,30479,95750,47793,12469,10378,10064,3448,4967,3.0,0.7
Monclova-Frontera,345119,173577,171542,17191,19459,35025,16923,16633,227796,43569,256253,239620,20935,10315,3060,17029,3275,71478,122431,117538,150106,57934,92172,5097,53878,251699,17393,4450,241553,53584,170,49189,100874,24400,344899,73031,271868,114656,100904,9,0,27322,100409,100104,79182,15529,99591,99999,98739,88853,17610,97296,40665,92559,60791,20834,8853,6859,2536,3641,3.0,0.0
Monterrey,5341177,2671686,2669491,238040,271721,508476,251268,250658,3667264,585321,4053903,3803245,1265248,633974,268335,196328,51184,1139920,2045509,1621013,2615919,1031427,1584492,51438,1016652,3435684,373515,321328,4147820,628617,4939,526148,1522975,415892,5327136,1342743,3984393,1836943,1523359,54,7,352344,1515133,1511810,206290,37301,1512336,1513225,1471433,1328378,155223,1456660,753248,1422699,1097100,475373,91370,84308,33601,37719,3.0,0.4
Morelia,988704,512204,476500,42869,47705,95869,48350,48437,669551,121856,752109,703672,117830,60392,26484,48242,22364,149959,384616,282888,503461,224019,279442,9910,325482,421003,136101,14664,823406,63612,1754,94137,283050,100907,979940,320079,659861,380322,283286,9,2,69395,281601,275432,255451,126451,277272,279363,266308,225483,42659,267080,136423,264781,179320,66084,22606,20906,6457,10340,3.0,0.7
Moroleón-Uriangato,108755,56421,52334,4310,4525,9503,5122,5326,73461,16623,85295,79969,8083,4083,844,4958,4766,19922,24508,31470,57740,25905,31835,891,23613,15035,63169,1361,98135,4953,81,5505,31621,11480,108659,37406,71253,42775,31635,6,0,9033,31524,31356,29790,13924,31245,31379,30389,26675,11400,30351,10355,26664,14312,3485,2611,2001,639,1167,3.0,0.0
Mérida,1316088,677388,638700,49802,58143,115139,58887,60705,916054,167870,1031242,970537,223031,116010,80008,72652,28621,216291,551245,394784,683372,294328,389044,9342,295114,739034,146068,52357,995537,176841,2757,135478,392419,134734,1313792,423632,890160,485739,392597,34,9,128445,389869,388032,337479,78404,381787,380733,367525,315343,120235,371108,196104,369294,255730,114861,36439,31168,10341,14199,3.1,0.8
Nogales,264782,132522,132260,11700,13830,29326,15464,14510,181090,21032,194383,179873,65709,32654,10440,9328,1928,59818,94050,72196,133861,56254,77607,2255,47264,168266,25355,7162,178047,39392,217,46456,78358,28048,263110,92410,170700,90150,78396,3,0,20539,77788,74798,59879,6722,77558,77518,75296,65122,4184,74094,36200,74826,55551,21989,4121,4202,1506,1553,3.0,0.0
Nuevo Laredo,425058,215616,209442,19573,23199,46885,23316,22714,283982,42464,311814,289100,123586,64692,12832,19082,6417,86572,132035,125838,205215,82426,122789,3405,111510,234858,50327,7497,293922,72396,359,57544,120296,38422,423829,127064,296765,143080,120335,3,0,35279,119687,119394,27656,5307,119126,119404,116060,101964,14804,114983,47667,110558,70540,25965,8616,8798,3002,3342,3.0,0.0
Oaxaca,709361,375752,333609,29131,35091,68076,34885,35197,481764,84348,538639,503442,54357,29146,16880,33173,16148,106807,284756,196343,368746,174430,194316,6144,261184,202909,144514,5933,519822,105608,1040,78678,193539,71769,706558,241693,464865,246856,193650,70,13,59055,190437,174069,172443,77886,180019,185953,168062,123933,42816,170529,89799,179794,113507,31822,15499,14571,4697,7433,3.0,0.6
Ocotlán,184603,93984,90619,10220,10673,21290,10236,10065,117035,21733,132073,122008,12408,6162,3039,9925,5268,32628,44824,53329,87166,35403,51763,1207,49721,95587,32198,1566,172800,6836,95,4639,47706,15757,184039,57289,126750,60467,47734,10,2,13450,47383,46916,38401,17586,47082,47204,44484,37409,23199,44691,16364,42373,25531,7383,5017,4080,1512,2009,3.3,0.7
Orizaba,465175,245492,219683,19012,21861,46689,23833,24689,308053,65949,353720,329031,30691,17168,7036,24229,22144,67479,158599,158400,213425,90039,123386,5019,128409,189186,114157,7998,391391,53658,384,19409,131762,47425,464602,152433,312169,155016,131802,44,9,48082,130741,127027,87890,25871,122250,126286,103691,81787,30356,119615,44347,112266,61153,18729,11096,10532,3796,6219,3.4,0.7
Pachuca,665929,348217,317712,23397,30035,61002,32570,33670,465233,78116,516227,482557,171455,91403,48232,32986,10699,118874,287784,196574,343617,156042,187575,7518,215050,238571,102762,10372,491172,74853,1989,94131,199376,70533,663190,211658,451532,287173,199430,21,0,44881,197723,194348,173627,64229,195707,196705,180234,148576,34587,187691,101553,187209,125243,49278,14084,15838,4093,7098,3.0,0.0
Piedras Negras,209456,104146,105310,10795,12061,22759,11118,10872,139642,20248,152423,141551,27261,13225,4911,8120,2241,51231,59530,64871,95815,37451,58364,2004,40505,143658,12112,3490,132444,42770,101,33542,61077,16606,207994,52299,155695,73760,61111,6,0,17043,60750,60660,11758,1301,60414,60540,59500,54720,13356,58707,25915,57066,38934,14243,3913,3360,1394,1617,3.0,0.0
Poza Rica,521530,273353,248177,20350,24281,51181,25555,26291,341806,81782,399985,373694,47890,25487,8964,32279,24949,80964,170468,169069,251040,104407,146633,4130,149147,133588,154480,4960,352614,98505,333,69411,151821,53602,520599,169040,351559,183859,151851,15,3,56535,149118,125362,97008,28815,125826,132569,131778,102397,11791,134572,42594,127267,67874,17323,14968,14717,5635,8147,3.0,0.6
Puebla-Tlaxcala,3199530,1660200,1539330,141970,158768,309350,159344,165283,2183427,360009,2424455,2259172,436806,238097,97596,118887,67085,518335,1211387,968820,1575166,671904,903262,34363,988985,1127381,771340,77822,2658382,259065,6611,265796,859166,285606,3191095,963036,2228059,1049064,859413,145,27,227651,853745,832828,684841,491121,842370,847066,735566,604519,252334,804955,372519,777109,491886,179643,53728,52086,18528,28459,3.7,0.7
Puerto Vallarta,479471,238990,240481,24513,25580,51123,24925,23523,325720,42157,352976,329453,202912,100703,44151,20702,7856,88209,162812,110592,263212,113710,149502,2860,131647,271669,51020,10052,358099,49899,938,69037,141781,48036,478101,157647,320454,199925,141841,6,2,48595,140759,139800,83652,22582,140510,140661,132588,106384,25995,127323,60877,134531,90121,38258,9759,8940,3309,3618,3.0,1.0
Querétaro,1594212,813213,780999,68215,76352,148782,74113,74214,1116435,160986,1221357,1147143,561597,286756,166200,60576,29297,277265,673977,429822,846426,368266,478160,16180,321356,867236,268825,81242,1325660,99122,3494,157583,463744,155556,1589407,494704,1094703,560417,463946,15,2,110974,460644,455679,368188,95237,457173,457945,438674,374331,73217,439086,263323,436269,353149,163547,28581,26735,8372,12468,3.0,0.4
Reynosa,837251,420769,416482,40160,44033,89547,44719,41224,568866,73008,616344,575120,252044,129449,33225,32381,12906,173984,266958,227167,425415,174577,250838,6909,177786,471296,118904,17751,512250,155490,895,164650,255108,79907,835073,245985,589088,323522,255155,6,1,84896,253453,252808,92304,12140,248530,249924,242396,203542,30536,237436,84952,237933,133008,40799,14653,14966,5976,6100,3.0,0.5
Rioverde,146049,75563,70486,7303,7601,15916,7918,7663,91829,21102,107304,99641,10574,5548,2685,8776,6887,32660,33139,44429,69511,27270,42241,709,29109,29176,75238,2787,128350,9135,96,8368,39939,12744,145621,42185,103436,52745,39956,6,1,12384,39258,37732,30391,5098,33836,37235,35923,32781,22741,36028,11102,34214,16518,4029,4457,3470,1323,2029,3.0,0.5
Saltillo,1031779,516310,515469,53433,60314,106681,50968,51030,692628,100207,757499,706469,164558,80673,37484,33497,10390,222227,374082,309112,487532,190818,296714,10461,170636,720273,36181,38539,814722,118498,833,93306,285607,79500,1028158,261911,766247,326087,285699,9,0,59392,284111,281915,249105,39812,281399,282360,276524,254702,21072,273982,134745,263757,187701,76656,14737,14347,5470,7069,3.0,0.0
San Francisco del Rincón,214713,109397,105316,12296,12468,25009,11960,12097,139028,19887,152604,140507,18120,9307,2923,11331,7210,37618,36267,51699,111233,46191,65042,1084,50806,62173,91642,3194,196278,10270,117,7368,52076,16039,214270,62535,151735,62617,52098,8,2,13430,51701,51192,40963,7100,50754,50877,47350,44356,29610,49073,14864,45312,20391,5513,5271,4947,1651,2121,4.0,1.0
San Luis Potosí,1271366,655110,616256,53465,61993,121142,62028,64320,877589,141573,971344,907024,153999,79833,34804,50996,18688,225936,520806,362776,655582,288358,367224,12302,219589,766576,158531,53223,1096017,76510,1842,92828,357576,121388,1267156,399313,867843,417565,357777,10,1,70722,355752,351368,304687,248993,352838,353322,340780,307918,104181,343117,183990,330407,236114,105793,23887,21998,7217,10584,3.3,0.3
Tampico,773285,399974,373311,28473,34048,70674,36025,36281,528086,111011,602307,566026,177525,95939,27096,39891,11042,121893,329741,256986,369089,157581,211508,10356,157450,377892,114995,14046,570633,118787,530,80042,240386,80750,771503,236068,535435,293294,240442,9,0,77137,238472,237338,110753,9546,234606,235600,225879,198522,27031,225381,105758,225120,156952,62450,19183,17463,5920,8143,3.0,0.0
Tapachula,353706,182096,171610,20233,19971,38338,18916,18676,227836,37919,253411,234735,16419,7983,5368,16426,17407,53535,104556,104275,162204,68212,93992,4012,150537,102284,60685,2545,167204,106993,407,75711,96211,33731,350322,115924,234398,121813,96307,3,1,38543,94335,87887,43964,21062,92803,93593,78994,52498,12170,83780,23536,83419,31777,8078,7023,6885,3404,3518,3.0,1.0
Tecomán,143931,72162,71769,6565,7500,16531,7823,7527,93664,17099,105331,97804,34810,17478,5981,9306,7704,27527,30221,37180,74637,29946,44691,934,23345,53458,60847,934,118314,13813,56,11496,41225,14087,143572,48465,95107,51350,41256,6,2,15819,40760,40490,22454,10095,40745,40814,36472,27028,13215,35912,9108,36207,14097,3138,4645,4293,1428,1847,3.0,1.0
Tehuacán,357621,188541,169080,17966,19398,38558,19823,20728,239727,33766,261820,241092,55173,30549,10959,17309,13527,54941,104661,91133,187134,86348,100786,2636,123980,110665,98078,3053,284109,43747,427,28745,92770,33660,356428,121544,234884,113246,92797,7,2,32101,91962,90037,65928,47205,88109,90978,74909,53100,29120,83108,31847,84070,46096,10700,7562,8053,2548,3688,3.5,1.0
Tehuantepec,179870,92930,86940,7779,9167,18285,9418,9324,118835,24247,135071,125747,17234,8686,4891,10574,10347,29926,54026,55210,86465,38682,47783,2253,43290,36220,61208,784,119017,34108,144,26305,52494,17326,179456,54014,125442,67800,52511,15,5,24695,51422,48078,37442,17009,50923,50744,44991,33764,8181,44126,14505,45058,22375,4285,5555,4527,1537,2114,3.0,1.0
Tepic,491153,252339,238814,20941,24498,50060,25155,24905,329355,60171,369926,345021,70914,35560,15678,25418,8074,79159,205351,139063,250002,113476,136526,3600,105149,231035,67712,7102,409316,41110,923,38749,144850,51937,485902,160125,325777,180342,144964,6,0,35750,143715,143021,120579,70723,143002,143375,135630,112891,19847,136434,71653,134947,94242,38683,11640,10750,3465,4749,3.0,0.0
Teziutlán,138806,73225,65581,7019,7485,15688,7738,8130,91471,13840,100856,92726,12446,7216,3208,5388,5669,22331,38151,37077,70700,31688,39012,627,48062,39116,41808,1654,116917,10168,169,11458,36136,12806,138419,44091,94328,43438,36145,7,1,13519,35842,35616,25296,8502,34146,34831,25398,18931,1754,33552,10009,31701,11994,2963,2289,2324,925,1300,3.5,0.5
Tianguistenco,183281,94446,88835,9577,10201,20302,10130,10292,121494,17561,133029,122737,13305,7317,2706,6663,3842,40804,51142,48370,93111,39350,53761,1347,62158,37294,68803,1060,161296,9415,202,12172,42779,12101,183254,47759,135495,51189,42788,23,6,13023,42482,41912,32140,9529,40866,41675,29503,26497,12770,39410,12508,35337,19083,4169,2771,3176,1006,1509,3.8,1.0
Tijuana,2157853,1067597,1090256,85991,100809,210171,107159,104862,1522246,195109,1646758,1541896,950489,477744,143132,80730,25011,419072,751176,567494,1156588,482868,673720,14761,536689,1171269,237171,79274,1336539,352159,3951,450634,645957,220033,2139730,711526,1428204,728205,646322,9,0,189699,638909,631532,46063,50790,631826,634430,614586,526506,59956,605999,332561,609597,469164,224855,36328,36151,13373,14510,3.0,0.0
Tlaxcala-Apizaco,570308,295693,274615,23408,26885,55495,28719,29523,372428,64333,415938,386415,94106,51592,19575,22791,8878,105253,209725,167134,269423,116621,152802,7035,145340,169149,168661,7950,458881,40502,868,49191,152525,49624,568700,166298,402402,192172,152573,63,7,38945,146745,146460,130362,41616,143958,145236,121609,93809,39496,137633,55601,131964,70910,17901,10003,10662,3284,5451,3.3,0.4
Toluca,2353924,1209745,1144179,105941,118423,243171,126103,126046,1604696,236325,1758168,1632122,281479,151393,50524,81819,54883,458520,823337,718038,1136006,467407,668599,26339,801702,828394,411197,37503,2026661,156922,3695,161415,596909,169243,2346173,586753,1759420,727661,597044,59,8,147472,593079,584031,452696,178436,575255,582198,475028,392728,181423,561514,244791,525067,315420,113336,35170,37084,12845,19047,3.7,0.5
Tula,256795,132102,124693,10737,12784,26448,13347,13441,174157,28728,193340,179899,70049,36784,23460,12318,5163,56646,81918,81183,121642,49855,71787,3369,74496,96969,56345,2646,208262,22097,673,25374,71749,21853,256088,70191,185897,104620,71769,16,2,17832,71144,70284,56999,16374,69836,70369,62396,49754,19054,66730,25097,63877,31978,9066,5494,5672,1585,2807,3.2,0.4
Tulancingo,268351,141072,127279,12691,13553,28692,14744,14766,177875,30728,198534,183768,40400,22289,8045,11492,10685,54299,73372,76515,134319,59348,74971,1893,115038,62623,72638,1923,220149,22020,397,25500,73173,25032,267454,82223,185231,94561,73209,9,1,21820,72680,70900,65391,21015,70071,71286,62126,47314,18975,67882,21725,65698,32929,8774,5224,4944,1854,2499,3.0,0.3
Tuxtla Gutiérrez,848274,440042,408232,40995,46039,88506,42704,42880,570269,86837,627450,584570,47129,23869,12412,33484,34128,115589,310623,246887,411867,177237,234630,9762,345970,225376,155858,17451,558349,186941,569,98767,228834,78847,846364,271769,574595,292865,228908,16,5,79401,226716,212492,188464,130982,224807,225927,203300,156129,17135,209972,86734,208239,116080,32979,16392,14423,5793,7048,3.2,1.0
Valle de México,21045378,10883565,10161813,744423,890424,1825997,967927,987415,14703258,2845512,16601846,15614431,6451303,3447749,690899,1036069,297277,3826715,8790848,6470046,10814775,4704585,6110190,243193,6591585,8517710,3028995,620547,15898460,1660345,109915,3304370,6011260,2160621,20960220,6964343,13995877,6854181,6012935,231,35,1843981,5989480,5899506,4876533,3057829,5954101,5965425,5491975,4800115,1465054,5752380,3046422,5469002,4053059,1568474,478483,472458,133881,230017,3.1,0.5
Veracruz,939046,492617,446429,29113,37198,79568,40324,41211,656544,139857,751681,710470,101027,52652,21260,48699,22158,149669,386216,298635,480764,211326,269438,10916,259687,459640,112942,17175,683692,136841,1779,114220,312801,124921,936741,356601,580140,423759,312891,17,0,112590,311195,308156,207070,55319,309212,309100,292544,254428,34762,290523,126425,289184,189950,73026,23517,21894,7474,10364,2.8,0.0
Villahermosa,833907,430933,402974,35382,41542,84453,41677,40486,570811,91357,630223,589737,102420,52482,15239,46793,21356,130775,340332,243706,415744,179541,236203,10692,255871,256631,158120,16098,538985,211160,509,80985,239645,81561,831274,260185,571089,300042,239690,6,2,86549,238651,236040,144185,42628,237143,237400,220899,196741,26047,219071,93606,218385,126465,44491,22506,22806,7131,8825,3.0,1.0
Xalapa,789157,417651,371506,27864,34419,72054,36955,38866,543682,108578,617357,578491,61114,32950,13314,39193,23405,108828,322346,246476,397758,179407,218351,8807,221418,299932,187127,11533,624013,71833,1231,90720,238348,96306,787506,295520,491986,306570,238419,27,4,82837,236471,234534,191242,45572,233410,235489,207894,166420,18083,219419,111619,216679,148581,55854,17204,17914,5462,8833,3.0,0.4
Zacatecas-Guadalupe,405285,209262,196023,19293,21942,42983,20815,21045,273490,40547,299395,278350,41604,20813,10261,21191,5168,73377,156349,124032,190531,81971,108560,4415,67699,208002,78723,2763,365283,19806,365,18550,113771,36229,402979,114048,288931,146663,113827,16,1,23809,113204,111995,108315,24300,112428,112633,106928,99873,16500,109223,58195,105863,78065,28443,9429,9980,2668,3984,3.2,0.2
Zamora,273641,141483,132158,13748,15475,30854,15073,14368,175946,32588,198417,184049,20569,10405,4469,14226,12889,37064,65326,72850,138249,59635,78614,1575,97523,115140,41308,5242,242580,16639,203,13785,76204,25149,272732,84066,188666,97510,76259,6,1,21098,75870,74941,61677,23284,75345,75607,69871,58749,30106,72357,26343,67489,42444,11756,7258,6197,2055,2960,3.0,0.5
