,NOM_ZM,POBTOT,POBFEM,POBMAS,P_0A2,P_3A5,P_6A11,P_12A14,P_15A17,POB15_64,P_60YMAS,P_15YMAS,P_18YMAS,PNACOE,PNACOE_F,PRESOE15,PCON_DISC,P15YM_AN,P15SEC_CO,P18YM_PB,PE_INAC,POCUPADA,POCUPADA_F,POCUPADA_M,PDESOCUP,PSINDER,PDER_IMSS,PDER_SEGP,PAFIL_IPRIV,PCATOLICA,PRO_CRIEVA,POTRAS_REL,PSIN_RELIG,TOTHOG,HOGJEF_F,HOGJEF_M,POBHOG,PHOGJEF_F,PHOGJEF_M,TVIVPARHAB,VIVTOT,TVIVHAB,VPH_1CUART,VPH_1DOR,VPH_C_ELEC,VPH_AGUADV,VPH_TINACO,VPH_CISTER,VPH_EXCSA,VPH_DRENAJ,VPH_REFRI,VPH_LAVAD,VPH_BICI,VPH_TV,VPH_PC,VPH_CEL,VPH_INTER,VPH_SPMVPI,PCDISC_MOT,PCDISC_VIS,PCDISC_LENG,PCDISC_AUD,P3YM_HLI,P3HLINHE,P3HLI_HE,POB_AFRO,PHOG_IND,PROM_OCUP,PRO_OCUP_C,POBFEM_%,POBMAS_%,P_0A2_%,P_3A5_%,P_6A11_%,P_12A14_%,P_15A17_%,POB15_64_%,P_18YMAS_%,P_60YMAS_%,PNACOE_%,PNACOE_F_%,PRESOE15_%,PCON_DISC_%,PCDISC_MOT_%,PCDISC_VIS_%,PCDISC_LENG_%,PCDISC_AUD_%,P15YM_AN_%,P15SEC_CO_%,P18YM_PB_%,PE_INAC_%,POCUPADA_%,POCUPADA_F_%,POCUPADA_M_%,PDESOCUP_%,PSINDER_%,OTRAS_DERECH,PDER_IMSS_%,PDER_SEGP_%,PAFIL_IPRIV_%,OTRAS_DERECH_%,PCATOLICA_%,PRO_CRIEVA_%,POTRAS_REL_%,PSIN_RELIG_%,HOGJEF_F_%,HOGJEF_M_%,PHOGJEF_F_%,PHOGJEF_M_%,TVIVHAB_%,VPH_1DOR_%,VPH_C_ELEC_%,VPH_AGUADV_%,VPH_TINACO_%,VPH_CISTER_%,VPH_EXCSA_%,VPH_DRENAJ_%,VPH_REFRI_%,VPH_LAVAD_%,VPH_BICI_%,VPH_TV_%,VPH_PC_%,VPH_CEL_%,VPH_INTER_%,VPH_SPMVPI_%,POBHOG_%,VPH_1CUART_%,P3YM_HLI_%,P3HLINHE_%,P3HLI_HE_%,PHOG_IND_%,POB_AFRO_%
0,Acapulco,852622,445313,407309,36535,40920,86306,43404,44042,555330,117874,636234,592192,59967,30492,13492,53443,40548,130680,286607,255878,412725,182516,230209,7967,236843,290127,212656,3815,613756,107536,901,120282,245301,95802,149499,849445,315225,534220,245301,358162,245411,36620,95754,240983,224913,148811,55171,229713,230718,217787,139901,19467,216827,67660,212140,112162,25389,28605,23047,7838,10264,12199,157,11967,78963,28404,3.0,1.0,52.2,47.8,4.3,4.8,10.1,5.1,5.2,65.1,69.5,13.8,7.0,50.8,22.5,6.3,53.5,43.1,14.7,19.2,6.4,20.5,48.4,30.0,48.4,44.2,55.8,0.9,27.8,216471,34.0,24.9,0.4,25.4,72.0,12.6,0.1,14.1,39.1,60.9,37.1,62.9,68.5,39.0,98.2,91.7,60.7,22.5,93.6,94.1,88.8,57.0,7.9,88.4,27.6,86.5,45.7,10.4,99.6,14.9,1.4,0.0,1.4,3.3,9.3
1,Acayucan,114416,59795,54621,5045,5584,11687,5911,5965,75673,15207,86168,80203,7871,4181,2155,6735,8554,15522,32725,34159,56594,23759,32835,965,43683,26996,35621,942,72525,24951,94,16725,33864,12660,21204,113741,39426,74315,33864,41458,33880,4930,13754,33314,30720,14490,3434,32527,32691,28003,21708,3399,27886,6896,28165,10083,2133,3008,3223,1126,1618,3820,36,3746,1429,7457,3.0,1.0,52.3,47.7,4.4,4.9,10.2,5.2,5.2,66.1,70.1,13.3,6.9,53.1,27.4,5.9,44.7,47.9,16.7,24.0,9.9,18.0,40.8,29.9,49.5,42.0,58.0,0.8,38.2,36563,23.6,31.1,0.8,32.0,63.4,21.8,0.1,14.6,37.4,62.6,34.7,65.3,81.7,40.6,98.4,90.7,42.8,10.1,96.1,96.5,82.7,64.1,10.0,82.3,20.4,83.2,29.8,6.3,99.4,14.6,3.3,0.0,3.3,6.5,1.2
2,Aguascalientes,1140916,583919,556997,55026,61004,121938,61075,61158,763889,116390,840674,779516,250146,130663,51307,54795,14775,221879,407140,318395,570373,243977,326396,11653,211072,687792,152244,30895,1004971,63700,1799,67440,316379,99037,217342,1137351,320409,816942,316379,376264,316562,4226,67290,315023,314325,236264,139832,314345,314535,301291,276786,73754,304386,157619,298433,206586,92365,26327,23047,7075,9852,2117,21,2048,18135,4713,3.0,0.3,51.2,48.8,4.8,5.3,10.7,5.4,5.4,67.0,68.3,10.2,21.9,52.2,20.5,4.8,48.0,42.1,12.9,18.0,1.8,26.4,52.2,27.9,50.0,42.8,57.2,1.0,18.5,183139,60.3,13.3,2.7,16.1,88.1,5.6,0.2,5.9,31.3,68.7,28.2,71.8,84.1,21.3,99.6,99.4,74.7,44.2,99.4,99.4,95.2,87.5,23.3,96.2,49.8,94.3,65.3,29.2,99.7,1.3,0.2,0.0,0.2,0.4,1.6
3,Campeche,294077,152522,141555,12287,14049,27355,13380,13520,201182,37321,226479,212959,42759,22131,7638,19010,7485,48491,118958,89926,147105,64715,82390,2337,57005,137833,62572,2929,187640,65779,533,39226,85297,30672,54625,293199,99637,193562,85297,101576,85353,7634,33425,84565,84383,71801,9791,83546,83662,78024,69521,10748,78468,39358,78059,51974,19202,9632,8525,2476,3576,13151,104,12970,6794,34670,3.0,0.0,51.9,48.1,4.2,4.8,9.3,4.5,4.6,68.4,72.4,12.7,14.5,51.8,17.9,6.5,50.7,44.8,13.0,18.8,3.3,21.4,55.9,30.6,50.0,44.0,56.0,0.8,19.4,65501,46.9,21.3,1.0,22.3,63.8,22.4,0.2,13.3,36.0,64.0,34.0,66.0,84.0,39.2,99.1,98.9,84.2,11.5,97.9,98.1,91.5,81.5,12.6,92.0,46.1,91.5,60.9,22.5,99.7,8.9,4.5,0.0,4.4,11.8,2.3
4,Cancún,934189,463322,470867,39160,44841,91085,44384,41965,669043,60983,705433,663468,540449,269146,106672,32492,13363,181067,355966,232529,505658,205725,299933,9285,244614,509501,112398,20225,514967,186512,2529,218032,293820,96157,197663,932005,297130,634875,293820,346554,293890,34695,118100,289196,286019,274237,74137,289906,288710,268337,227043,54177,263616,119830,278109,179320,77315,12811,16457,5699,5744,61736,612,60569,21838,151794,3.0,1.0,49.6,50.4,4.2,4.8,9.8,4.8,4.5,71.6,71.0,6.5,57.9,49.8,19.7,3.5,39.4,50.6,17.5,17.7,1.9,25.7,53.7,24.9,54.1,40.7,59.3,1.0,26.2,132623,54.5,12.0,2.2,14.2,55.1,20.0,0.3,23.3,32.7,67.3,31.9,68.1,84.8,40.2,98.4,97.3,93.3,25.2,98.7,98.3,91.3,77.3,18.4,89.7,40.8,94.7,61.0,26.3,99.8,11.8,6.6,0.1,6.5,16.2,2.3
5,Celaya,767104,395804,371300,35824,41501,77828,39468,40292,513592,86850,571579,531287,69420,34828,12503,31798,24023,169187,226926,232647,369816,154596,215220,6912,174606,329293,205279,11327,681844,38459,601,44312,204727,70991,133736,765587,250968,514619,204727,258782,204842,5364,51752,203336,200122,157193,79857,199389,199755,191270,166229,93839,194170,80106,180262,109522,35227,16207,13035,5090,6705,1622,13,1501,16372,3623,3.5,0.8,51.6,48.4,4.7,5.4,10.1,5.1,5.3,67.0,69.3,11.3,9.0,50.2,18.0,4.1,51.0,41.0,16.0,21.1,4.2,29.6,42.7,30.3,48.2,41.8,58.2,0.9,22.8,216606,42.9,26.8,1.5,28.2,88.9,5.0,0.1,5.8,34.7,65.3,32.8,67.2,79.2,25.3,99.3,97.8,76.8,39.0,97.4,97.6,93.4,81.2,45.8,94.8,39.1,88.0,53.5,17.2,99.8,2.6,0.2,0.0,0.2,0.5,2.1
6,Chetumal,233648,118552,115096,9477,11126,23154,11700,11642,161046,25741,177849,166207,78047,39850,8923,11128,7242,44859,83221,67008,120140,50501,69639,2046,48523,69817,61298,1842,132351,49335,344,50899,70753,24412,46341,232061,76980,155081,70753,87728,70782,10440,30603,69228,68746,59985,24183,68786,69065,62148,55794,20299,60828,27957,64914,40605,14848,5402,4869,1741,2173,12331,141,11997,8634,32127,3.0,1.0,50.7,49.3,4.1,4.8,9.9,5.0,5.0,68.9,71.1,11.0,33.4,51.1,11.4,4.8,48.5,43.8,15.6,19.5,4.1,25.2,50.1,28.7,51.4,42.0,58.0,0.9,20.8,63140,29.9,26.2,0.8,27.0,56.6,21.1,0.1,21.8,34.5,65.5,33.2,66.8,80.7,43.3,97.8,97.2,84.8,34.2,97.2,97.6,87.8,78.9,28.7,86.0,39.5,91.7,57.4,21.0,99.3,14.8,5.3,0.1,5.1,13.8,3.7
7,Chihuahua,988065,504489,483576,39704,46334,91039,46040,46847,682738,121637,762873,716026,75140,36693,15638,42209,8031,185990,413850,292619,504923,220747,284176,9586,109571,577567,131419,47007,773338,102683,1024,105914,316126,113766,202360,982589,325472,657117,316126,371696,316246,5805,75768,314806,312695,237225,25301,313842,314016,309952,287298,27753,305154,169569,299293,215675,109214,22497,16018,5789,8254,9974,124,9655,17904,18118,3.0,0.0,51.1,48.9,4.0,4.7,9.2,4.7,4.7,69.1,72.5,12.3,7.6,48.8,20.8,4.3,53.3,37.9,13.7,19.6,1.1,24.4,57.8,29.6,51.1,43.7,56.3,1.0,11.1,178426,58.5,13.3,4.8,18.1,78.3,10.4,0.1,10.7,36.0,64.0,33.1,66.9,85.1,24.0,99.6,98.9,75.0,8.0,99.3,99.3,98.0,90.9,8.8,96.5,53.6,94.7,68.2,34.5,99.4,1.8,1.0,0.0,1.0,1.8,1.8
8,Chilpancingo,336480,176258,160222,18404,19166,37625,18237,18299,219997,33902,242774,224475,16238,7946,5065,16336,16198,44243,120726,90079,165927,76442,89485,3335,91520,45141,125617,1747,252822,42911,618,39341,84980,32350,52630,333888,120450,213438,84980,110941,85069,12727,31526,84275,75883,69548,40327,82178,83072,74744,45192,4098,75849,32254,75232,45821,11102,7436,7393,2387,3331,14983,591,14333,28925,27426,3.5,1.0,52.4,47.6,5.5,5.7,11.2,5.4,5.4,65.4,66.7,10.1,4.8,48.9,31.2,4.9,45.5,45.3,14.6,20.4,6.7,18.2,53.8,26.8,49.3,46.1,53.9,1.0,27.2,127364,13.4,37.3,0.5,37.9,75.1,12.8,0.2,11.7,38.1,61.9,36.1,63.9,76.7,37.1,99.2,89.3,81.8,47.5,96.7,97.8,88.0,53.2,4.8,89.3,38.0,88.5,53.9,13.1,99.2,15.0,4.5,0.2,4.3,8.2,8.6
9,Ciudad Victoria,349688,180459,169229,14860,16607,34240,17538,17324,236254,44810,266161,248837,26864,13855,4555,15089,4672,50086,156804,108365,169807,75810,93997,4235,47692,136586,69945,6566,239972,62347,233,45295,101652,34478,67174,348121,107921,240200,101652,124897,101678,3234,28201,100877,99557,41130,3468,98615,99175,97731,86659,17120,96468,47982,95397,63597,23385,7154,6415,2416,3014,654,0,647,4659,1643,3.0,0.0,51.6,48.4,4.2,4.7,9.8,5.0,5.0,67.6,71.2,12.8,7.7,51.6,17.0,4.3,47.4,42.5,16.0,20.0,1.8,18.8,63.0,31.0,48.6,44.6,55.4,1.2,13.6,76511,39.1,20.0,1.9,21.9,68.6,17.8,0.1,13.0,33.9,66.1,31.0,69.0,81.4,27.7,99.2,97.9,40.5,3.4,97.0,97.6,96.1,85.3,16.8,94.9,47.2,93.8,62.6,23.0,99.6,3.2,0.2,0.0,0.2,0.5,1.3
10,Coatzacoalcos,355738,184944,170794,13766,17599,31702,15608,15979,244989,48515,276388,260409,68527,36844,8126,21819,10306,52264,139222,115826,169277,73915,95362,6305,73852,151286,71867,2191,202114,92417,329,59778,111965,40676,71289,354109,120864,233245,111965,148923,111988,14206,43005,110833,107612,62417,9633,110750,110363,103142,91799,8103,101858,42229,103585,62981,20527,10204,10639,2882,4300,6827,30,6722,9074,17518,3.0,0.3,52.0,48.0,3.9,4.9,8.9,4.4,4.5,68.9,73.2,13.6,19.3,53.8,11.9,6.1,46.8,48.8,13.2,19.7,3.7,18.9,53.5,32.6,47.6,43.7,56.3,1.8,20.8,74058,42.5,20.2,0.6,20.8,56.8,26.0,0.1,16.8,36.3,63.7,34.1,65.9,75.2,38.4,99.0,96.1,55.7,8.6,98.9,98.6,92.1,82.0,7.2,91.0,37.7,92.5,56.3,18.3,99.5,12.7,1.9,0.0,1.9,4.9,2.6
11,Colima-Villa de álvarez,230813,117552,113261,8398,9653,21333,10860,11310,154244,36295,179872,168562,51928,27006,10035,14681,5316,40063,84436,70285,117984,50753,67231,1959,40890,109126,58327,4206,200481,14088,274,14968,72163,25446,46717,228770,74804,153966,72163,93030,72273,3213,23064,71332,71208,55692,22149,71212,71356,67272,54825,9850,66200,30468,65050,45141,14571,7673,6093,1880,2881,2041,90,1933,4358,3424,3.0,0.5,50.9,49.1,3.6,4.2,9.2,4.7,4.9,66.8,73.0,15.7,22.5,52.0,19.3,6.4,52.3,41.5,12.8,19.6,3.0,22.3,50.1,30.5,51.1,43.0,57.0,0.8,17.7,62533,47.3,25.3,1.8,27.1,86.9,6.1,0.1,6.5,35.3,64.7,32.7,67.3,77.7,32.0,98.8,98.7,77.2,30.7,98.7,98.9,93.2,76.0,13.6,91.7,42.2,90.1,62.6,20.2,99.1,4.5,0.9,0.0,0.8,1.5,1.9
12,Cuautla,483455,249486,233969,21427,24072,49615,25272,25580,318542,64440,362856,337276,118914,62976,19577,27155,18167,100223,144270,136906,245365,105929,139436,4072,146155,130900,159888,3407,334260,74778,708,73032,134740,46754,87986,481547,155996,325551,134740,210803,134796,11149,48545,133482,126215,102206,61869,130386,131867,119163,86335,34852,122551,43179,120346,65195,15457,13153,11553,4031,6244,12119,459,11618,10053,27513,3.0,0.8,51.6,48.4,4.4,5.0,10.3,5.2,5.3,65.9,69.8,13.3,24.6,53.0,16.5,5.6,48.4,42.5,14.8,23.0,5.0,27.6,42.8,28.3,50.8,43.2,56.8,0.8,30.2,163295,27.1,33.1,0.7,33.8,69.1,15.5,0.1,15.1,34.7,65.3,32.4,67.6,63.9,36.0,99.1,93.7,75.9,45.9,96.8,97.9,88.4,64.1,25.9,91.0,32.0,89.3,48.4,11.5,99.6,8.3,2.5,0.1,2.4,5.7,2.1
13,Cuernavaca,1028589,534494,494095,40227,46743,94969,49614,50333,695112,147097,796468,746135,315386,170301,46683,55382,26709,194411,389013,299046,531419,238522,292897,13156,299769,400646,230084,18337,721333,142040,2500,160508,299189,108778,190411,1023035,345840,677195,299189,434178,299362,19277,90060,297471,290243,249576,149820,294515,295517,277638,207407,35879,275474,131189,273041,190811,66334,27016,23834,7910,13105,17190,313,16691,22621,34766,3.0,0.6,52.0,48.0,3.9,4.5,9.2,4.8,4.9,67.6,72.5,14.3,30.7,54.0,14.8,5.4,48.8,43.0,14.3,23.7,3.4,24.4,52.1,29.1,51.7,44.9,55.1,1.3,29.1,248421,39.0,22.4,1.8,24.2,70.1,13.8,0.2,15.6,36.4,63.6,33.8,66.2,68.9,30.1,99.4,97.0,83.4,50.1,98.4,98.8,92.8,69.3,12.0,92.1,43.8,91.3,63.8,22.2,99.5,6.4,1.7,0.0,1.6,3.4,2.2
14,Culiacán,1003530,512484,491046,46505,49512,100904,51122,50846,678895,111713,753646,702800,93551,47384,23561,41959,19539,126850,420475,294747,498256,214159,284097,6742,202978,557343,130547,17763,793717,81727,607,124543,281567,104712,176855,991401,350864,640537,281567,340656,281726,6872,70537,280185,278202,143263,6212,276096,277566,274238,231364,37330,268037,137551,267476,175867,76748,20352,17394,6895,7524,4634,50,4518,16871,4677,3.0,0.0,51.1,48.9,4.6,4.9,10.1,5.1,5.1,67.7,70.0,11.1,9.3,50.7,25.2,4.2,48.5,41.5,16.4,17.9,2.6,16.8,59.8,29.4,49.7,43.0,57.0,0.7,20.2,148310,55.5,13.0,1.8,14.8,79.1,8.1,0.1,12.4,37.2,62.8,35.4,64.6,82.7,25.1,99.5,98.8,50.9,2.2,98.1,98.6,97.4,82.2,13.3,95.2,48.9,95.0,62.5,27.3,98.8,2.4,0.5,0.0,0.5,0.5,1.7
15,Córdoba,335950,177549,158401,13099,15662,32335,16360,16632,225859,46895,258440,241808,23835,13075,5003,16071,10939,50891,115307,102977,168505,73807,94698,2760,107890,150843,58053,5739,287397,30470,381,17478,100742,37658,63084,334502,115160,219342,100742,126413,100777,11079,35374,99869,96117,72418,14340,98064,99372,87477,67144,7480,92102,35230,88868,54943,15772,7081,7125,2576,3882,4295,72,4158,12998,10658,3.0,0.2,52.8,47.2,3.9,4.7,9.6,4.9,5.0,67.2,72.0,14.0,7.1,54.9,21.0,4.8,44.1,44.3,16.0,24.2,4.2,19.7,47.7,30.7,50.2,43.8,56.2,0.8,32.1,63792,44.9,17.3,1.7,19.0,85.5,9.1,0.1,5.2,37.4,62.6,34.4,65.6,79.7,35.1,99.1,95.4,71.9,14.2,97.3,98.6,86.8,66.6,7.4,91.4,35.0,88.2,54.5,15.7,99.6,11.0,1.3,0.0,1.2,3.2,3.9
16,Delicias,195359,99151,96208,9026,9925,19983,10279,9802,128978,25158,146033,136231,16930,8347,3124,9272,3024,38664,61064,60131,93948,39177,54771,2006,26683,115405,31958,3599,153090,20734,141,21050,61516,21901,39615,195035,65392,129643,61516,74923,61544,1200,18368,61222,61161,19781,1092,61063,61156,59890,55316,13403,59153,24076,57635,34314,13769,5111,3376,1447,1653,1378,78,1297,2127,2220,3.0,0.0,50.8,49.2,4.6,5.1,10.2,5.3,5.0,66.0,69.7,12.9,8.7,49.3,18.5,4.7,55.1,36.4,15.6,17.8,2.1,26.5,44.8,30.8,48.1,41.7,58.3,1.0,13.7,35557,59.1,16.4,1.8,18.2,78.4,10.6,0.1,10.8,35.6,64.4,33.5,66.5,82.1,29.9,99.5,99.4,32.2,1.8,99.3,99.4,97.4,89.9,21.8,96.2,39.1,93.7,55.8,22.4,99.8,2.0,0.7,0.0,0.7,1.1,1.1
17,Durango,688697,353285,335412,31927,37947,75830,35765,36136,454946,75853,505256,469120,53906,27013,15557,38618,7080,147792,241171,204076,327143,140996,186147,8340,173476,302609,98551,7195,573001,59370,752,52716,186768,67773,118995,683730,232395,451335,186768,224232,186870,3817,38612,185488,184775,162364,67250,182200,183670,176214,149114,45496,179186,85610,173659,107117,43799,19567,16270,4643,6684,4426,49,4244,6994,8173,3.0,0.0,51.3,48.7,4.6,5.5,11.0,5.2,5.2,66.1,68.1,11.0,7.8,50.1,28.9,5.6,50.7,42.1,12.0,17.3,1.4,29.3,51.4,29.6,47.5,43.1,56.9,1.2,25.2,105746,43.9,14.3,1.0,15.4,83.2,8.6,0.1,7.7,36.3,63.7,34.0,66.0,83.3,20.7,99.3,98.9,86.9,36.0,97.6,98.3,94.3,79.8,24.4,95.9,45.8,93.0,57.4,23.5,99.3,2.0,0.6,0.0,0.6,1.2,1.0
18,Ensenada,443807,222500,221307,18918,21114,42133,21509,20882,304500,53463,339720,318838,159809,80717,24414,20367,7752,75838,165913,127562,228454,96410,132044,3106,77808,203713,105448,9994,253458,86307,604,102020,139850,47568,92282,440625,141836,298789,139850,171203,139968,9320,43494,136311,132593,55127,10326,128536,131315,128859,111627,19231,127369,68939,131092,92742,45288,9811,8431,2674,3594,11753,457,11250,7977,23831,3.0,0.0,50.1,49.9,4.3,4.8,9.5,4.8,4.7,68.6,71.8,12.0,36.0,50.5,15.3,4.6,48.2,41.4,13.1,17.6,2.3,22.3,52.0,28.7,51.5,42.2,57.8,0.7,17.5,115442,45.9,23.8,2.3,26.0,57.1,19.4,0.1,23.0,34.0,66.0,32.2,67.8,81.8,31.1,97.5,94.8,39.4,7.4,91.9,93.9,92.1,79.8,13.8,91.1,49.3,93.7,66.3,32.4,99.3,6.7,2.6,0.1,2.5,5.4,1.8
19,Guadalajara,5268642,2684675,2583967,225751,263395,516733,260165,262968,3550317,600017,3952317,3689349,713917,364412,125158,225863,71309,929129,1961486,1436893,2715118,1170220,1544898,41230,1578536,2985136,324254,201856,4615204,278096,7411,307570,1483691,519305,964386,5241338,1723175,3518163,1483691,1799585,1484581,29200,326609,1466465,1462381,1114365,660099,1464842,1464641,1415828,1241434,345534,1416217,753925,1384577,1021204,457531,114200,93048,32883,44567,29548,204,28631,100726,58086,3.0,0.6,51.0,49.0,4.3,5.0,9.8,4.9,5.0,67.4,70.0,11.4,13.6,51.0,17.5,4.3,50.6,41.2,14.6,19.7,1.8,23.5,53.2,27.3,51.5,43.1,56.9,0.8,30.0,526110,56.7,6.2,3.8,10.0,87.6,5.3,0.1,5.8,35.0,65.0,32.9,67.1,82.5,22.0,98.8,98.6,75.1,44.5,98.7,98.7,95.4,83.7,23.3,95.5,50.8,93.3,68.8,30.8,99.5,2.0,0.6,0.0,0.5,1.1,1.9
20,Guanajuato,194500,100462,94038,9462,10214,19242,9719,9488,132066,20789,145735,136247,11816,6115,2676,7940,4821,37352,68296,59323,93436,40021,53415,2317,27808,66668,59389,5880,176707,6243,186,10818,51675,18768,32907,193690,65105,128585,51675,63114,51688,1827,12292,51321,49641,46778,6064,49893,50011,48561,42650,5158,48522,25168,46529,31336,11362,3837,3459,1180,1786,281,0,257,6384,468,3.0,0.0,51.7,48.3,4.9,5.3,9.9,5.0,4.9,67.9,70.0,10.7,6.1,51.8,22.6,4.1,48.3,43.6,14.9,22.5,3.3,25.6,50.1,30.5,48.0,42.8,57.2,1.2,14.3,65269,34.3,30.5,3.0,33.6,90.9,3.2,0.1,5.6,36.3,63.7,33.6,66.4,81.9,23.8,99.3,96.1,90.5,11.7,96.6,96.8,94.0,82.5,10.0,93.9,48.7,90.0,60.6,22.0,99.6,3.5,0.1,0.0,0.1,0.2,3.3
21,Guaymas,208294,104339,103955,9504,10550,20942,10523,10411,138443,27786,156655,146244,26315,12702,4787,11105,3572,43281,68499,65269,98749,40716,58033,1681,32990,124535,29655,3229,159601,22093,85,26113,61900,22795,39105,206157,73894,132263,61900,79927,61943,3691,20943,61114,60885,41614,10370,54343,56481,56997,44170,11072,57492,25501,56416,35534,13083,5411,4940,1576,1932,13564,531,12958,1593,18972,3.0,0.0,50.1,49.9,4.6,5.1,10.1,5.1,5.0,66.5,70.2,13.3,12.6,48.3,18.2,5.3,48.7,44.5,14.2,17.4,2.3,27.6,46.8,31.3,47.4,41.2,58.8,0.8,15.8,32884,59.8,14.2,1.6,15.8,76.6,10.6,0.0,12.5,36.8,63.2,35.8,64.2,77.5,33.8,98.7,98.4,67.2,16.8,87.8,91.2,92.1,71.4,17.9,92.9,41.2,91.1,57.4,21.1,99.0,6.0,6.5,0.3,6.2,9.1,0.8
22,Hermosillo,936263,468773,467490,35876,43782,93320,47793,46163,646237,104402,713519,667356,115327,54830,23472,41409,10245,157926,401494,274767,471237,199063,272174,9322,166919,520283,94217,44721,733294,97158,610,101403,278550,97515,181035,927042,307083,619959,278550,326410,278712,9021,75129,276314,275869,161778,19419,272391,274278,267153,222725,38120,261060,149299,264173,195823,92020,19542,17479,6044,7520,9757,203,9350,20506,18470,3.0,0.0,50.1,49.9,3.8,4.7,10.0,5.1,4.9,69.0,71.3,11.2,12.3,47.5,20.4,4.4,47.2,42.2,14.6,18.2,1.4,22.1,60.2,29.3,50.3,42.2,57.8,1.0,17.8,138938,55.6,10.1,4.8,14.8,78.3,10.4,0.1,10.8,35.0,65.0,33.1,66.9,85.4,27.0,99.2,99.0,58.1,7.0,97.8,98.5,95.9,80.0,13.7,93.7,53.6,94.8,70.3,33.0,99.0,3.2,1.0,0.0,1.0,2.0,2.2
23,Hidalgo del Parral,121666,62935,58731,5631,6349,12379,6099,6053,79848,16411,91101,85048,10768,5559,2517,6563,1617,21285,42233,40745,54906,22461,32445,1359,14073,61589,28473,2164,96256,12959,36,12190,35970,12962,23008,121201,40172,81029,35970,43378,35989,736,9119,35768,35713,33292,3224,35650,35674,34731,31098,2016,34305,16041,33277,21512,7587,3199,2659,872,1399,1009,11,962,1271,2172,3.0,0.0,51.7,48.3,4.6,5.2,10.2,5.0,5.0,65.6,69.9,13.5,8.9,51.6,23.4,5.4,48.7,40.5,13.3,21.3,1.8,23.4,49.7,33.5,45.1,40.9,59.1,1.1,11.6,30637,50.6,23.4,1.8,25.2,79.1,10.7,0.0,10.0,36.0,64.0,33.1,66.9,83.0,25.4,99.4,99.3,92.6,9.0,99.1,99.2,96.6,86.5,5.6,95.4,44.6,92.5,59.8,21.1,99.6,2.0,0.8,0.0,0.8,1.8,1.0
24,Juárez,1512450,755473,756977,61661,75783,158006,84852,82775,1042232,134989,1127670,1044895,410142,205031,58446,64510,15008,328216,481392,424859,773941,321981,451960,11113,281293,995662,111663,53709,990518,217017,1606,295236,449452,152263,297189,1505714,492203,1013511,449452,520392,449602,13916,131922,447215,445394,21983,4210,445733,446184,436106,395092,42892,433849,203599,422130,286079,121797,28426,30210,10133,10723,8160,53,7899,29450,18371,3.0,0.0,50.0,50.0,4.1,5.0,10.4,5.6,5.5,68.9,69.1,8.9,27.1,50.0,14.3,4.3,44.1,46.8,15.7,16.6,1.3,29.1,46.1,28.1,51.2,41.6,58.4,0.7,18.6,165372,65.8,7.4,3.6,10.9,65.5,14.3,0.1,19.5,33.9,66.1,32.7,67.3,86.4,29.4,99.5,99.1,4.9,0.9,99.2,99.3,97.0,87.9,9.5,96.5,45.3,93.9,63.7,27.1,99.6,3.1,0.5,0.0,0.5,1.2,1.9
25,La Laguna,1434283,729228,705055,71487,78395,149120,73539,74215,950766,164764,1059547,985332,218577,112902,37660,67978,17558,274570,498847,443834,669804,275655,394149,16470,317997,878030,95555,33336,1128114,171756,1178,129277,409567,130531,279036,1428980,419172,1009808,409567,496532,409721,6183,96573,407953,406938,271356,85105,402868,404318,393913,341478,108738,396005,163269,375803,223841,84283,33137,29553,9347,12406,1815,31,1721,17263,3314,3.0,0.0,50.8,49.2,5.0,5.5,10.4,5.1,5.2,66.3,68.7,11.5,15.2,51.7,17.2,4.7,48.7,43.5,13.8,18.3,1.7,25.9,50.6,30.9,46.7,41.2,58.8,1.1,22.2,128891,61.2,6.7,2.3,9.0,78.7,12.0,0.1,9.0,31.9,68.1,29.3,70.7,82.5,23.6,99.6,99.4,66.3,20.8,98.4,98.7,96.2,83.4,26.5,96.7,39.9,91.8,54.7,20.6,99.6,1.5,0.1,0.0,0.1,0.2,1.2
26,La Paz,292241,146438,145803,10882,12776,26992,13547,14005,203031,37267,227140,213135,79830,39528,15230,15395,4043,46226,127126,84914,152265,64678,87587,2565,41161,133165,51140,5587,228451,27537,512,34262,91287,31036,60251,290063,91547,198516,91287,116231,91366,4628,25232,89585,88540,81226,25704,88640,89503,85904,68316,11036,84222,49535,86795,63033,30943,7333,6985,1914,2726,3183,53,3093,6498,6447,3.0,0.0,50.1,49.9,3.7,4.4,9.2,4.6,4.8,69.5,72.9,12.8,27.3,49.5,19.1,5.3,47.6,45.4,12.4,17.7,1.8,20.4,59.6,29.1,52.1,42.5,57.5,0.9,14.1,56727,45.6,17.5,1.9,19.4,78.2,9.4,0.2,11.7,34.0,66.0,31.6,68.4,78.6,27.6,98.1,97.0,89.0,28.2,97.1,98.0,94.1,74.8,12.1,92.3,54.3,95.1,69.0,33.9,99.3,5.1,1.1,0.0,1.1,2.2,2.2
27,La Piedad-Pénjamo,261450,135552,125898,13424,14176,27963,13519,13448,167182,35000,192319,178871,35425,18634,4038,17014,13217,45759,57134,82847,120261,46469,73792,1970,65042,71916,107152,1748,237812,13955,105,9325,69166,23090,46076,260418,79971,180447,69166,93810,69189,2040,19452,68702,67785,56475,21345,65379,65585,64038,53593,14327,64840,19680,57037,27785,6666,9415,6583,2226,3324,398,4,365,3425,809,3.0,0.5,51.8,48.2,5.1,5.4,10.7,5.2,5.1,63.9,68.4,13.4,13.5,52.6,11.4,6.5,55.3,38.7,13.1,19.5,6.9,23.8,31.9,31.7,46.0,38.6,61.4,0.8,24.9,108900,27.5,41.0,0.7,41.7,91.0,5.3,0.0,3.6,33.4,66.6,30.7,69.3,73.8,28.1,99.3,98.0,81.7,30.9,94.5,94.8,92.6,77.5,20.7,93.7,28.5,82.5,40.2,9.6,99.6,2.9,0.2,0.0,0.1,0.3,1.3
28,León,1924771,978025,946746,96999,104979,203072,102200,103946,1292529,183913,1413289,1309343,184912,93035,39690,84613,50028,401566,551396,516850,974718,406556,568162,19318,410959,1010672,379913,46018,1740550,77941,2408,95689,487264,153418,333846,1919833,573078,1346755,487264,568823,487495,10782,104853,484158,467189,401285,168946,481015,480517,455411,411298,156482,465899,206228,445102,279724,108557,38949,37106,12748,16257,3826,69,3194,50295,7535,3.5,1.0,50.8,49.2,5.0,5.5,10.6,5.3,5.4,67.2,68.0,9.6,9.6,50.3,21.5,4.4,46.0,43.9,15.1,19.2,3.5,28.4,42.1,26.9,50.6,41.7,58.3,1.0,21.4,425931,52.5,19.7,2.4,22.1,90.4,4.0,0.1,5.0,31.5,68.5,29.9,70.1,85.7,21.5,99.4,95.9,82.4,34.7,98.7,98.6,93.5,84.4,32.1,95.6,42.3,91.3,57.4,22.3,99.7,2.2,0.2,0.0,0.2,0.4,2.6
29,Matamoros,541979,274081,267898,24460,28314,56263,28433,27941,368765,54690,403834,375893,110918,58090,12125,27446,8837,110241,174553,157450,267394,110611,156783,6627,131752,289064,81988,9370,336538,112136,358,91827,159564,51092,108472,540093,161483,378610,159564,195499,159609,7738,52212,157814,155372,58905,19331,151909,152821,149691,110681,27289,149471,55715,148769,90738,30233,12311,12885,4091,4838,4114,20,4071,7029,11408,3.0,0.0,50.6,49.4,4.5,5.2,10.4,5.2,5.2,68.0,69.4,10.1,20.5,52.4,10.9,5.1,44.9,46.9,14.9,17.6,2.2,27.3,46.4,29.1,49.3,41.4,58.6,1.2,24.3,91358,53.3,15.1,1.7,16.9,62.1,20.7,0.1,16.9,32.0,68.0,29.9,70.1,81.6,32.7,98.9,97.4,36.9,12.1,95.2,95.8,93.8,69.4,17.1,93.7,34.9,93.2,56.9,18.9,99.7,4.8,0.8,0.0,0.8,2.1,1.3
30,Mazatlán,501441,256060,245381,21023,22246,47651,24814,24500,341005,66475,385587,361087,73935,37515,19070,23927,7183,72290,206308,152583,252587,108450,144137,3958,99672,275858,61086,11843,385129,49129,512,65723,152884,55536,97348,498785,171635,327150,152884,196436,152976,6207,50381,152024,151470,101316,22309,150855,151270,146344,120231,32320,144485,70136,141733,96531,40143,11966,9997,3514,4173,2452,117,2317,6875,4608,3.0,0.0,51.1,48.9,4.2,4.4,9.5,4.9,4.9,68.0,72.0,13.3,14.7,50.7,25.8,4.8,50.0,41.8,14.7,17.4,1.9,18.7,57.1,30.4,50.4,42.9,57.1,0.8,19.9,72929,55.0,12.2,2.4,14.5,76.8,9.8,0.1,13.1,36.3,63.7,34.4,65.6,77.9,33.0,99.4,99.1,66.3,14.6,98.7,98.9,95.7,78.6,21.1,94.5,45.9,92.7,63.1,26.3,99.5,4.1,0.5,0.0,0.5,0.9,1.4
31,Mexicali,1049792,520544,529248,37394,45624,99545,51804,51325,734081,122934,814668,763343,302068,151904,32856,44519,13134,208697,399411,311290,540835,222980,317855,7949,190666,576267,142247,41859,692341,148322,1095,203845,330356,103068,227288,1042395,304079,738316,330356,385642,330500,8440,93960,326832,326350,5467,2303,315458,317589,319303,289682,67648,313757,166799,309193,226594,110551,21524,18650,6575,7959,5920,49,5110,11105,9657,3.0,0.0,49.6,50.4,3.6,4.3,9.5,4.9,4.9,69.9,72.7,11.7,28.8,50.3,10.9,4.2,48.3,41.9,14.8,17.9,1.6,25.6,52.3,29.7,51.5,41.2,58.8,0.8,18.2,184106,54.9,13.6,4.0,17.5,66.0,14.1,0.1,19.4,31.2,68.8,29.2,70.8,85.7,28.4,98.9,98.8,1.7,0.7,95.5,96.1,96.7,87.7,20.5,95.0,50.5,93.6,68.6,33.5,99.3,2.6,0.6,0.0,0.5,0.9,1.1
32,Minatitlán,359228,188610,170618,13525,17554,34808,17517,18024,241312,50586,275662,257638,36672,19683,6849,21916,17119,53715,116583,119881,167380,71044,96336,5261,97509,103977,103629,1423,208209,94494,322,55884,111235,38352,72883,359136,112526,246610,111235,139303,111245,14560,47316,109656,97489,47347,8837,108368,108845,95748,80882,13335,94944,30479,95750,47793,12469,10378,10064,3448,4967,15000,140,14808,9477,34835,3.0,0.7,52.5,47.5,3.8,4.9,9.7,4.9,5.0,67.2,71.7,14.1,10.2,53.7,18.7,6.1,47.4,45.9,15.7,22.7,6.2,19.5,45.3,33.4,46.6,42.4,57.6,1.5,27.1,105052,28.9,28.8,0.4,29.2,58.0,26.3,0.1,15.6,34.5,65.5,31.3,68.7,79.9,42.5,98.6,87.6,42.6,7.9,97.4,97.9,86.1,72.7,12.0,85.4,27.4,86.1,43.0,11.2,100.0,13.1,4.2,0.0,4.1,9.7,2.6
33,Monclova-Frontera,345119,173577,171542,17191,19459,35025,16923,16633,227796,43569,256253,239620,20935,10315,3060,17029,3275,71478,122431,117538,150106,57934,92172,5097,53878,251699,17393,4450,241553,53584,170,49189,100874,24400,76474,344899,73031,271868,100874,114656,100904,1554,27322,100409,100104,79182,15529,99591,99999,98739,88853,17610,97296,40665,92559,60791,20834,8853,6859,2536,3641,292,0,289,2342,689,3.0,0.0,50.3,49.7,5.0,5.6,10.1,4.9,4.8,66.0,69.4,12.6,6.1,49.3,14.6,4.9,52.0,40.3,14.9,21.4,1.3,27.9,51.1,34.1,43.5,38.6,61.4,1.5,15.6,21843,72.9,5.0,1.3,6.3,70.0,15.5,0.0,14.3,24.2,75.8,21.2,78.8,88.0,27.1,99.5,99.2,78.5,15.4,98.7,99.1,97.9,88.1,17.5,96.5,40.3,91.8,60.3,20.7,99.9,1.5,0.1,0.0,0.1,0.2,0.7
34,Monterrey,5341177,2671686,2669491,238040,271721,508476,251268,250658,3667264,585321,4053903,3803245,1265248,633974,268335,196328,51184,1139920,2045509,1621013,2615919,1031427,1584492,51438,1016652,3435684,373515,321328,4147820,628617,4939,526148,1522975,415892,1107083,5327136,1342743,3984393,1522975,1836943,1523359,23100,352344,1515133,1511810,206290,37301,1512336,1513225,1471433,1328378,155223,1456660,753248,1422699,1097100,475373,91370,84308,33601,37719,77002,320,75391,93859,157854,3.0,0.4,50.0,50.0,4.5,5.1,9.5,4.7,4.7,68.7,71.2,11.0,23.7,50.1,21.2,3.7,46.5,42.9,17.1,19.2,1.3,28.1,53.8,30.3,49.0,39.4,60.6,1.0,19.0,694843,64.3,7.0,6.0,13.0,77.7,11.8,0.1,9.9,27.3,72.7,25.2,74.8,82.9,23.1,99.5,99.3,13.5,2.4,99.3,99.4,96.6,87.2,10.2,95.6,49.5,93.4,72.0,31.2,99.7,1.5,1.4,0.0,1.4,3.0,1.8
35,Morelia,988704,512204,476500,42869,47705,95869,48350,48437,669551,121856,752109,703672,117830,60392,26484,48242,22364,149959,384616,282888,503461,224019,279442,9910,325482,421003,136101,14664,823406,63612,1754,94137,283050,100907,182143,979940,320079,659861,283050,380322,283286,8264,69395,281601,275432,255451,126451,277272,279363,266308,225483,42659,267080,136423,264781,179320,66084,22606,20906,6457,10340,5993,26,5874,18737,12792,3.0,0.7,51.8,48.2,4.3,4.8,9.7,4.9,4.9,67.7,71.2,12.3,11.9,51.3,22.5,4.9,46.9,43.3,13.4,21.4,3.0,19.9,54.7,28.6,50.9,44.5,55.5,1.0,32.9,150765,42.6,13.8,1.5,15.2,83.3,6.4,0.2,9.5,35.6,64.4,32.7,67.3,74.5,24.5,99.5,97.3,90.2,44.7,98.0,98.7,94.1,79.7,15.1,94.4,48.2,93.5,63.4,23.3,99.1,2.9,0.6,0.0,0.6,1.3,1.9
36,Moroleón-Uriangato,108755,56421,52334,4310,4525,9503,5122,5326,73461,16623,85295,79969,8083,4083,844,4958,4766,19922,24508,31470,57740,25905,31835,891,23613,15035,63169,1361,98135,4953,81,5505,31621,11480,20141,108659,37406,71253,31621,42775,31635,634,9033,31524,31356,29790,13924,31245,31379,30389,26675,11400,30351,10355,26664,14312,3485,2611,2001,639,1167,111,0,110,679,301,3.0,0.0,51.9,48.1,4.0,4.2,8.7,4.7,4.9,67.5,73.5,15.3,7.4,50.5,10.4,4.6,52.7,40.4,12.9,23.5,5.6,23.4,30.6,28.9,53.1,44.9,55.1,0.8,21.7,64530,13.8,58.1,1.3,59.3,90.2,4.6,0.1,5.1,36.3,63.7,34.4,65.6,74.0,28.6,99.7,99.2,94.2,44.0,98.8,99.2,96.1,84.4,36.1,96.0,32.7,84.3,45.3,11.0,99.9,2.0,0.1,0.0,0.1,0.3,0.6
37,Mérida,1316088,677388,638700,49802,58143,115139,58887,60705,916054,167870,1031242,970537,223031,116010,80008,72652,28621,216291,551245,394784,683372,294328,389044,9342,295114,739034,146068,52357,995537,176841,2757,135478,392419,134734,257685,1313792,423632,890160,392419,485739,392597,19871,128445,389869,388032,337479,78404,381787,380733,367525,315343,120235,371108,196104,369294,255730,114861,36439,31168,10341,14199,121226,1462,119085,35726,293431,3.1,0.8,51.5,48.5,3.8,4.4,8.7,4.5,4.6,69.6,73.7,12.8,16.9,52.0,35.9,5.5,50.2,42.9,14.2,19.5,2.8,21.0,56.8,30.0,51.9,43.1,56.9,0.7,22.4,198425,56.2,11.1,4.0,15.1,75.6,13.4,0.2,10.3,34.3,65.7,32.2,67.8,80.8,32.7,99.4,98.9,86.0,20.0,97.3,97.0,93.7,80.4,30.6,94.6,50.0,94.1,65.2,29.3,99.8,5.1,9.2,0.1,9.0,22.3,2.7
38,Nogales,264782,132522,132260,11700,13830,29326,15464,14510,181090,21032,194383,179873,65709,32654,10440,9328,1928,59818,94050,72196,133861,56254,77607,2255,47264,168266,25355,7162,178047,39392,217,46456,78358,28048,50310,263110,92410,170700,78358,90150,78396,2876,20539,77788,74798,59879,6722,77558,77518,75296,65122,4184,74094,36200,74826,55551,21989,4121,4202,1506,1553,1938,13,1866,3051,5043,3.0,0.0,50.0,50.0,4.4,5.2,11.1,5.8,5.5,68.4,67.9,7.9,24.8,49.7,15.9,3.5,44.2,45.0,16.1,16.6,1.0,30.8,52.3,27.3,50.6,42.0,58.0,0.9,17.9,32517,63.5,9.6,2.7,12.3,67.2,14.9,0.1,17.5,35.8,64.2,35.1,64.9,87.0,26.2,99.3,95.5,76.4,8.6,99.0,98.9,96.1,83.1,5.3,94.6,46.2,95.5,70.9,28.1,99.4,3.7,0.7,0.0,0.7,1.9,1.2
39,Nuevo Laredo,425058,215616,209442,19573,23199,46885,23316,22714,283982,42464,311814,289100,123586,64692,12832,19082,6417,86572,132035,125838,205215,82426,122789,3405,111510,234858,50327,7497,293922,72396,359,57544,120296,38422,81874,423829,127064,296765,120296,143080,120335,3311,35279,119687,119394,27656,5307,119126,119404,116060,101964,14804,114983,47667,110558,70540,25965,8616,8798,3002,3342,1737,11,1711,4869,5068,3.0,0.0,50.7,49.3,4.6,5.5,11.0,5.5,5.3,66.8,68.0,10.0,29.1,52.3,10.4,4.5,45.2,46.1,15.7,17.5,2.1,27.8,45.7,29.6,48.3,40.2,59.8,0.8,26.2,57824,55.3,11.8,1.8,13.6,69.1,17.0,0.1,13.5,31.9,68.1,30.0,70.0,84.1,29.3,99.5,99.3,23.0,4.4,99.0,99.3,96.5,84.8,12.3,95.6,39.6,91.9,58.6,21.6,99.7,2.8,0.4,0.0,0.4,1.2,1.1
40,Oaxaca,709361,375752,333609,29131,35091,68076,34885,35197,481764,84348,538639,503442,54357,29146,16880,33173,16148,106807,284756,196343,368746,174430,194316,6144,261184,202909,144514,5933,519822,105608,1040,78678,193539,71769,121770,706558,241693,464865,193539,246856,193650,18261,59055,190437,174069,172443,77886,180019,185953,168062,123933,42816,170529,89799,179794,113507,31822,15499,14571,4697,7433,60308,788,59026,22977,138547,3.0,0.6,53.0,47.0,4.1,4.9,9.6,4.9,5.0,67.9,71.0,11.9,7.7,53.6,31.1,4.7,46.7,43.9,14.2,22.4,3.0,19.8,56.6,27.7,52.0,47.3,52.7,0.9,36.8,150447,28.6,20.4,0.8,21.2,73.3,14.9,0.1,11.1,37.1,62.9,34.2,65.8,78.4,30.5,98.4,89.9,89.1,40.2,93.0,96.1,86.8,64.0,22.1,88.1,46.4,92.9,58.6,16.4,99.6,9.4,8.5,0.1,8.3,19.5,3.2
41,Ocotlán,184603,93984,90619,10220,10673,21290,10236,10065,117035,21733,132073,122008,12408,6162,3039,9925,5268,32628,44824,53329,87166,35403,51763,1207,49721,95587,32198,1566,172800,6836,95,4639,47706,15757,31949,184039,57289,126750,47706,60467,47734,1575,13450,47383,46916,38401,17586,47082,47204,44484,37409,23199,44691,16364,42373,25531,7383,5017,4080,1512,2009,296,0,289,2357,618,3.3,0.7,50.9,49.1,5.5,5.8,11.5,5.5,5.5,63.4,66.1,11.8,6.7,49.7,24.5,5.4,50.5,41.1,15.2,20.2,4.0,24.7,36.7,28.9,47.2,40.6,59.4,0.7,26.9,33764,51.8,17.4,0.8,18.3,93.6,3.7,0.1,2.5,33.0,67.0,31.1,68.9,78.9,28.2,99.3,98.3,80.5,36.9,98.7,98.9,93.2,78.4,48.6,93.7,34.3,88.8,53.5,15.5,99.7,3.3,0.2,0.0,0.2,0.3,1.3
42,Orizaba,465175,245492,219683,19012,21861,46689,23833,24689,308053,65949,353720,329031,30691,17168,7036,24229,22144,67479,158599,158400,213425,90039,123386,5019,128409,189186,114157,7998,391391,53658,384,19409,131762,47425,84337,464602,152433,312169,131762,155016,131802,13060,48082,130741,127027,87890,25871,122250,126286,103691,81787,30356,119615,44347,112266,61153,18729,11096,10532,3796,6219,36523,1427,34976,8009,61419,3.4,0.7,52.8,47.2,4.1,4.7,10.0,5.1,5.3,66.2,70.7,14.2,6.6,55.9,22.9,5.2,45.8,43.5,15.7,25.7,6.3,19.1,48.2,34.1,45.9,42.2,57.8,1.1,27.6,122155,40.7,24.5,1.7,26.3,84.1,11.5,0.1,4.2,36.0,64.0,32.8,67.2,85.0,36.5,99.2,96.4,66.7,19.6,92.8,95.8,78.7,62.1,23.0,90.8,33.7,85.2,46.4,14.2,99.9,9.9,7.9,0.3,7.5,13.2,1.7
43,Pachuca,665929,348217,317712,23397,30035,61002,32570,33670,465233,78116,516227,482557,171455,91403,48232,32986,10699,118874,287784,196574,343617,156042,187575,7518,215050,238571,102762,10372,491172,74853,1989,94131,199376,70533,128843,663190,211658,451532,199376,287173,199430,4812,44881,197723,194348,173627,64229,195707,196705,180234,148576,34587,187691,101553,187209,125243,49278,14084,15838,4093,7098,15703,102,15462,13234,39219,3.0,0.0,52.3,47.7,3.5,4.5,9.2,4.9,5.1,69.9,72.5,11.7,25.7,53.3,28.1,5.0,42.7,48.0,12.4,21.5,2.1,23.0,59.6,29.5,51.6,45.4,54.6,1.1,32.3,113134,35.8,15.4,1.6,17.0,73.8,11.2,0.3,14.1,35.4,64.6,31.9,68.1,69.4,22.5,99.2,97.5,87.1,32.2,98.2,98.7,90.4,74.5,17.3,94.1,50.9,93.9,62.8,24.7,99.6,2.4,2.4,0.0,2.3,5.9,2.0
44,Piedras Negras,209456,104146,105310,10795,12061,22759,11118,10872,139642,20248,152423,141551,27261,13225,4911,8120,2241,51231,59530,64871,95815,37451,58364,2004,40505,143658,12112,3490,132444,42770,101,33542,61077,16606,44471,207994,52299,155695,61077,73760,61111,1257,17043,60750,60660,11758,1301,60414,60540,59500,54720,13356,58707,25915,57066,38934,14243,3913,3360,1394,1617,279,0,272,1663,708,3.0,0.0,49.7,50.3,5.2,5.8,10.9,5.3,5.2,66.7,67.6,9.7,13.0,48.5,18.0,3.9,48.2,41.4,17.2,19.9,1.5,33.6,42.1,31.0,45.7,39.1,60.9,1.0,19.3,15602,68.6,5.8,1.7,7.4,63.2,20.4,0.0,16.0,27.2,72.8,25.1,74.9,82.9,27.9,99.5,99.3,19.3,2.1,98.9,99.1,97.4,89.6,21.9,96.1,42.4,93.4,63.7,23.3,99.3,2.1,0.1,0.0,0.1,0.3,0.8
45,Poza Rica,521530,273353,248177,20350,24281,51181,25555,26291,341806,81782,399985,373694,47890,25487,8964,32279,24949,80964,170468,169069,251040,104407,146633,4130,149147,133588,154480,4960,352614,98505,333,69411,151821,53602,98219,520599,169040,351559,151821,183859,151851,19155,56535,149118,125362,97008,28815,125826,132569,131778,102397,11791,134572,42594,127267,67874,17323,14968,14717,5635,8147,42309,998,40983,7825,86249,3.0,0.6,52.4,47.6,3.9,4.7,9.8,4.9,5.0,65.5,71.7,15.7,9.2,53.2,18.7,6.2,46.4,45.6,17.5,25.2,6.2,20.2,45.6,32.4,48.1,41.6,58.4,0.8,28.6,159440,25.6,29.6,1.0,30.6,67.6,18.9,0.1,13.3,35.3,64.7,32.5,67.5,82.6,37.2,98.2,82.6,63.9,19.0,82.9,87.3,86.8,67.4,7.8,88.6,28.1,83.8,44.7,11.4,99.8,12.6,8.1,0.2,7.9,16.5,1.5
46,Puebla-Tlaxcala,3199530,1660200,1539330,141970,158768,309350,159344,165283,2183427,360009,2424455,2259172,436806,238097,97596,118887,67085,518335,1211387,968820,1575166,671904,903262,34363,988985,1127381,771340,77822,2658382,259065,6611,265796,859166,285606,573560,3191095,963036,2228059,859166,1049064,859413,35527,227651,853745,832828,684841,491121,842370,847066,735566,604519,252334,804955,372519,777109,491886,179643,53728,52086,18528,28459,84091,1296,82040,67784,196915,3.7,0.7,51.9,48.1,4.4,5.0,9.7,5.0,5.2,68.2,70.6,11.3,13.7,54.5,22.3,3.7,45.2,43.8,15.6,23.9,2.8,21.4,53.6,30.3,49.2,42.7,57.3,1.1,30.9,849162,35.2,24.1,2.4,26.5,83.1,8.1,0.2,8.3,33.2,66.8,30.2,69.8,81.9,26.5,99.4,96.9,79.7,57.2,98.0,98.6,85.6,70.4,29.4,93.7,43.4,90.4,57.3,20.9,99.7,4.1,2.6,0.0,2.6,6.2,2.1
47,Puerto Vallarta,479471,238990,240481,24513,25580,51123,24925,23523,325720,42157,352976,329453,202912,100703,44151,20702,7856,88209,162812,110592,263212,113710,149502,2860,131647,271669,51020,10052,358099,49899,938,69037,141781,48036,93745,478101,157647,320454,141781,199925,141841,12075,48595,140759,139800,83652,22582,140510,140661,132588,106384,25995,127323,60877,134531,90121,38258,9759,8940,3309,3618,4844,63,4743,8022,10973,3.0,1.0,49.8,50.2,5.1,5.3,10.7,5.2,4.9,67.9,68.7,8.8,42.3,49.6,21.8,4.3,47.1,43.2,16.0,17.5,2.2,25.0,49.4,23.1,54.9,43.2,56.8,0.6,27.5,61072,56.7,10.6,2.1,12.7,74.7,10.4,0.2,14.4,33.9,66.1,33.0,67.0,70.9,34.3,99.3,98.6,59.0,15.9,99.1,99.2,93.5,75.0,18.3,89.8,42.9,94.9,63.6,27.0,99.7,8.5,1.0,0.0,1.0,2.3,1.7
48,Querétaro,1594212,813213,780999,68215,76352,148782,74113,74214,1116435,160986,1221357,1147143,561597,286756,166200,60576,29297,277265,673977,429822,846426,368266,478160,16180,321356,867236,268825,81242,1325660,99122,3494,157583,463744,155556,308188,1589407,494704,1094703,463744,560417,463946,14323,110974,460644,455679,368188,95237,457173,457945,438674,374331,73217,439086,263323,436269,353149,163547,28581,26735,8372,12468,10070,49,9895,33283,21676,3.0,0.4,51.0,49.0,4.3,4.8,9.3,4.6,4.7,70.0,72.0,10.1,35.2,51.1,29.6,3.8,47.2,44.1,13.8,20.6,2.4,22.7,58.8,27.0,53.1,43.5,56.5,1.0,20.2,350067,54.4,16.9,5.1,22.0,83.2,6.2,0.2,9.9,33.5,66.5,31.1,68.9,82.8,23.9,99.3,98.3,79.4,20.5,98.6,98.7,94.6,80.7,15.8,94.7,56.8,94.1,76.2,35.3,99.7,3.1,0.6,0.0,0.6,1.4,2.1
49,Reynosa,837251,420769,416482,40160,44033,89547,44719,41224,568866,73008,616344,575120,252044,129449,33225,32381,12906,173984,266958,227167,425415,174577,250838,6909,177786,471296,118904,17751,512250,155490,895,164650,255108,79907,175201,835073,245985,589088,255108,323522,255155,8606,84896,253453,252808,92304,12140,248530,249924,242396,203542,30536,237436,84952,237933,133008,40799,14653,14966,5976,6100,6843,39,6767,12953,17646,3.0,0.5,50.3,49.7,4.8,5.3,10.7,5.3,4.9,67.9,68.7,8.7,30.1,51.4,13.2,3.9,45.3,46.2,18.5,18.8,2.1,28.2,46.4,27.1,50.8,41.0,59.0,0.8,21.2,136655,56.3,14.2,2.1,16.3,61.2,18.6,0.1,19.7,31.3,68.7,29.5,70.5,78.9,33.3,99.4,99.1,36.2,4.8,97.4,98.0,95.0,79.8,12.0,93.1,33.3,93.3,52.1,16.0,99.7,3.4,0.8,0.0,0.8,2.1,1.5
50,Rioverde,146049,75563,70486,7303,7601,15916,7918,7663,91829,21102,107304,99641,10574,5548,2685,8776,6887,32660,33139,44429,69511,27270,42241,709,29109,29176,75238,2787,128350,9135,96,8368,39939,12744,27195,145621,42185,103436,39939,52745,39956,1614,12384,39258,37732,30391,5098,33836,37235,35923,32781,22741,36028,11102,34214,16518,4029,4457,3470,1323,2029,549,0,538,1340,1379,3.0,0.5,51.7,48.3,5.0,5.2,10.9,5.4,5.2,62.9,68.2,14.4,7.2,52.5,25.4,6.0,50.8,39.5,15.1,23.1,6.4,30.4,33.3,30.4,47.6,39.2,60.8,0.5,19.9,78025,20.0,51.5,1.9,53.4,87.9,6.3,0.1,5.7,31.9,68.1,29.0,71.0,75.8,31.0,98.3,94.5,76.1,12.8,84.7,93.2,89.9,82.1,56.9,90.2,27.8,85.7,41.4,10.1,99.7,4.0,0.4,0.0,0.4,0.9,0.9
51,Saltillo,1031779,516310,515469,53433,60314,106681,50968,51030,692628,100207,757499,706469,164558,80673,37484,33497,10390,222227,374082,309112,487532,190818,296714,10461,170636,720273,36181,38539,814722,118498,833,93306,285607,79500,206107,1028158,261911,766247,285607,326087,285699,3480,59392,284111,281915,249105,39812,281399,282360,276524,254702,21072,273982,134745,263757,187701,76656,14737,14347,5470,7069,2650,12,2571,23281,5546,3.0,0.0,50.0,50.0,5.2,5.8,10.3,4.9,4.9,67.1,68.5,9.7,15.9,49.0,22.8,3.2,44.0,42.8,16.3,21.1,1.4,29.3,53.0,30.0,47.3,39.1,60.9,1.0,16.5,74720,69.8,3.5,3.7,7.2,79.0,11.5,0.1,9.0,27.8,72.2,25.5,74.5,87.6,20.8,99.5,98.7,87.2,13.9,98.5,98.9,96.8,89.2,7.4,95.9,47.2,92.3,65.7,26.8,99.6,1.2,0.3,0.0,0.2,0.5,2.3
52,San Francisco del Rincón,214713,109397,105316,12296,12468,25009,11960,12097,139028,19887,152604,140507,18120,9307,2923,11331,7210,37618,36267,51699,111233,46191,65042,1084,50806,62173,91642,3194,196278,10270,117,7368,52076,16039,36037,214270,62535,151735,52076,62617,52098,1991,13430,51701,51192,40963,7100,50754,50877,47350,44356,29610,49073,14864,45312,20391,5513,5271,4947,1651,2121,500,27,458,2963,939,4.0,1.0,51.0,49.0,5.7,5.8,11.6,5.6,5.6,64.8,65.4,9.3,8.4,51.4,16.1,5.3,46.5,43.7,14.6,18.7,4.7,24.7,25.8,24.1,51.8,41.5,58.5,0.5,23.7,94836,29.0,42.7,1.5,44.2,91.4,4.8,0.1,3.4,30.8,69.2,29.2,70.8,83.2,25.8,99.3,98.3,78.7,13.6,97.5,97.7,90.9,85.2,56.9,94.2,28.5,87.0,39.2,10.6,99.8,3.8,0.2,0.0,0.2,0.4,1.4
53,San Luis Potosí,1271366,655110,616256,53465,61993,121142,62028,64320,877589,141573,971344,907024,153999,79833,34804,50996,18688,225936,520806,362776,655582,288358,367224,12302,219589,766576,158531,53223,1096017,76510,1842,92828,357576,121388,236188,1267156,399313,867843,357576,417565,357777,4454,70722,355752,351368,304687,248993,352838,353322,340780,307918,104181,343117,183990,330407,236114,105793,23887,21998,7217,10584,6247,24,5813,33235,14720,3.3,0.3,51.5,48.5,4.2,4.9,9.5,4.9,5.1,69.0,71.3,11.1,12.1,51.8,22.6,4.0,46.8,43.1,14.2,20.8,1.9,23.3,57.4,28.5,51.6,44.0,56.0,1.0,17.3,211754,60.3,12.5,4.2,16.7,86.2,6.0,0.1,7.3,33.9,66.1,31.5,68.5,85.7,19.8,99.5,98.3,85.2,69.6,98.7,98.8,95.3,86.1,29.1,96.0,51.5,92.4,66.0,29.6,99.7,1.2,0.5,0.0,0.5,1.2,2.6
54,Tampico,773285,399974,373311,28473,34048,70674,36025,36281,528086,111011,602307,566026,177525,95939,27096,39891,11042,121893,329741,256986,369089,157581,211508,10356,157450,377892,114995,14046,570633,118787,530,80042,240386,80750,159636,771503,236068,535435,240386,293294,240442,11759,77137,238472,237338,110753,9546,234606,235600,225879,198522,27031,225381,105758,225120,156952,62450,19183,17463,5920,8143,7698,53,7592,10360,19316,3.0,0.0,51.7,48.3,3.7,4.4,9.1,4.7,4.7,68.3,73.2,14.4,23.0,54.0,15.3,5.2,48.1,43.8,14.8,20.4,1.8,20.2,58.3,33.2,47.7,42.7,57.3,1.3,20.4,129041,48.9,14.9,1.8,16.7,73.8,15.4,0.1,10.4,33.6,66.4,30.6,69.4,82.0,32.1,99.2,98.7,46.1,4.0,97.6,98.0,94.0,82.6,11.2,93.8,44.0,93.6,65.3,26.0,99.8,4.9,1.0,0.0,1.0,2.5,1.3
55,Tapachula,353706,182096,171610,20233,19971,38338,18916,18676,227836,37919,253411,234735,16419,7983,5368,16426,17407,53535,104556,104275,162204,68212,93992,4012,150537,102284,60685,2545,167204,106993,407,75711,96211,33731,62480,350322,115924,234398,96211,121813,96307,15201,38543,94335,87887,43964,21062,92803,93593,78994,52498,12170,83780,23536,83419,31777,8078,7023,6885,3404,3518,3432,73,3309,4287,8516,3.0,1.0,51.5,48.5,5.7,5.6,10.8,5.3,5.3,64.4,66.4,10.7,4.6,48.6,32.7,4.6,42.8,41.9,20.7,21.4,6.9,21.1,44.5,29.5,45.9,42.1,57.9,1.1,42.6,63230,28.9,17.2,0.7,17.9,47.3,30.2,0.1,21.4,35.1,64.9,33.1,66.9,79.1,40.1,98.1,91.3,45.7,21.9,96.5,97.3,82.1,54.6,12.6,87.1,24.5,86.7,33.0,8.4,99.0,15.8,1.0,0.0,0.9,2.4,1.2
56,Tecomán,143931,72162,71769,6565,7500,16531,7823,7527,93664,17099,105331,97804,34810,17478,5981,9306,7704,27527,30221,37180,74637,29946,44691,934,23345,53458,60847,934,118314,13813,56,11496,41225,14087,27138,143572,48465,95107,41225,51350,41256,3562,15819,40760,40490,22454,10095,40745,40814,36472,27028,13215,35912,9108,36207,14097,3138,4645,4293,1428,1847,1828,94,1726,2966,3219,3.0,1.0,50.1,49.9,4.6,5.2,11.5,5.4,5.2,65.1,68.0,11.9,24.2,50.2,17.2,6.5,49.9,46.1,15.3,19.8,7.3,26.1,30.9,25.8,51.9,40.1,59.9,0.6,16.2,61781,37.1,42.3,0.6,42.9,82.2,9.6,0.0,8.0,34.2,65.8,33.8,66.2,80.3,38.4,98.9,98.2,54.5,24.5,98.8,99.0,88.5,65.6,32.1,87.1,22.1,87.8,34.2,7.6,99.8,8.6,1.3,0.1,1.2,2.2,2.1
57,Tehuacán,357621,188541,169080,17966,19398,38558,19823,20728,239727,33766,261820,241092,55173,30549,10959,17309,13527,54941,104661,91133,187134,86348,100786,2636,123980,110665,98078,3053,284109,43747,427,28745,92770,33660,59110,356428,121544,234884,92770,113246,92797,8082,32101,91962,90037,65928,47205,88109,90978,74909,53100,29120,83108,31847,84070,46096,10700,7562,8053,2548,3688,29328,459,28561,5005,72727,3.5,1.0,52.7,47.3,5.0,5.4,10.8,5.5,5.8,67.0,67.4,9.4,15.4,55.4,19.9,4.8,43.7,46.5,14.7,21.3,5.2,21.0,43.4,25.5,52.3,46.1,53.9,0.7,34.7,101131,30.9,27.4,0.9,28.3,79.4,12.2,0.1,8.0,36.3,63.7,34.1,65.9,81.9,34.6,99.1,97.1,71.1,50.9,95.0,98.1,80.7,57.2,31.4,89.6,34.3,90.6,49.7,11.5,99.7,8.7,8.2,0.1,8.0,20.3,1.4
58,Tehuantepec,179870,92930,86940,7779,9167,18285,9418,9324,118835,24247,135071,125747,17234,8686,4891,10574,10347,29926,54026,55210,86465,38682,47783,2253,43290,36220,61208,784,119017,34108,144,26305,52494,17326,35168,179456,54014,125442,52494,67800,52511,7892,24695,51422,48078,37442,17009,50923,50744,44991,33764,8181,44126,14505,45058,22375,4285,5555,4527,1537,2114,26105,1578,24384,2639,44069,3.0,1.0,51.7,48.3,4.3,5.1,10.2,5.2,5.2,66.1,69.9,13.5,9.6,50.4,28.4,5.9,52.5,42.8,14.5,20.0,7.7,22.2,43.0,30.7,48.1,44.7,55.3,1.3,24.1,61992,20.1,34.0,0.4,34.5,66.2,19.0,0.1,14.6,33.0,67.0,30.1,69.9,77.4,47.0,98.0,91.6,71.3,32.4,97.0,96.7,85.7,64.3,15.6,84.1,27.6,85.8,42.6,8.2,99.8,15.0,14.5,0.9,13.6,24.5,1.5
59,Tepic,491153,252339,238814,20941,24498,50060,25155,24905,329355,60171,369926,345021,70914,35560,15678,25418,8074,79159,205351,139063,250002,113476,136526,3600,105149,231035,67712,7102,409316,41110,923,38749,144850,51937,92913,485902,160125,325777,144850,180342,144964,4304,35750,143715,143021,120579,70723,143002,143375,135630,112891,19847,136434,71653,134947,94242,38683,11640,10750,3465,4749,11496,166,11244,4092,17534,3.0,0.0,51.4,48.6,4.3,5.0,10.2,5.1,5.1,67.1,70.2,12.3,14.4,50.1,22.1,5.2,45.8,42.3,13.6,18.7,2.2,21.4,59.5,28.3,50.9,45.4,54.6,0.7,21.4,74814,47.0,13.8,1.4,15.2,83.3,8.4,0.2,7.9,35.9,64.1,33.0,67.0,80.4,24.7,99.2,98.7,83.2,48.8,98.7,99.0,93.6,77.9,13.7,94.2,49.5,93.2,65.1,26.7,98.9,3.0,2.3,0.0,2.3,3.6,0.8
60,Teziutlán,138806,73225,65581,7019,7485,15688,7738,8130,91471,13840,100856,92726,12446,7216,3208,5388,5669,22331,38151,37077,70700,31688,39012,627,48062,39116,41808,1654,116917,10168,169,11458,36136,12806,23330,138419,44091,94328,36136,43438,36145,2830,13519,35842,35616,25296,8502,34146,34831,25398,18931,1754,33552,10009,31701,11994,2963,2289,2324,925,1300,9909,118,9741,1656,25058,3.5,0.5,52.8,47.2,5.1,5.4,11.3,5.6,5.9,65.9,66.8,10.0,9.0,58.0,25.8,3.9,42.5,43.1,17.2,24.1,5.6,22.1,41.1,26.7,50.9,44.8,55.2,0.5,34.6,43462,28.2,30.1,1.2,31.3,84.2,7.3,0.1,8.3,35.4,64.6,31.9,68.1,83.2,37.4,99.2,98.6,70.0,23.5,94.5,96.4,70.3,52.4,4.9,92.8,27.7,87.7,33.2,8.2,99.7,7.8,7.1,0.1,7.0,18.1,1.2
61,Tianguistenco,183281,94446,88835,9577,10201,20302,10130,10292,121494,17561,133029,122737,13305,7317,2706,6663,3842,40804,51142,48370,93111,39350,53761,1347,62158,37294,68803,1060,161296,9415,202,12172,42779,12101,30678,183254,47759,135495,42779,51189,42788,2667,13023,42482,41912,32140,9529,40866,41675,29503,26497,12770,39410,12508,35337,19083,4169,2771,3176,1006,1509,1475,9,1450,2287,4302,3.8,1.0,51.5,48.5,5.2,5.6,11.1,5.5,5.6,66.3,67.0,9.6,7.3,55.0,20.3,3.6,41.6,47.7,15.1,22.6,2.9,30.7,41.7,26.4,50.8,42.3,57.7,0.7,33.9,69863,20.3,37.5,0.6,38.1,88.0,5.1,0.1,6.6,28.3,71.7,26.1,73.9,83.6,30.4,99.3,98.0,75.1,22.3,95.5,97.4,69.0,61.9,29.9,92.1,29.2,82.6,44.6,9.7,100.0,6.2,0.8,0.0,0.8,2.3,1.2
62,Tijuana,2157853,1067597,1090256,85991,100809,210171,107159,104862,1522246,195109,1646758,1541896,950489,477744,143132,80730,25011,419072,751176,567494,1156588,482868,673720,14761,536689,1171269,237171,79274,1336539,352159,3951,450634,645957,220033,425924,2139730,711526,1428204,645957,728205,646322,34183,189699,638909,631532,46063,50790,631826,634430,614586,526506,59956,605999,332561,609597,469164,224855,36328,36151,13373,14510,14207,143,13958,41226,33262,3.0,0.0,49.5,50.5,4.0,4.7,9.7,5.0,4.9,70.5,71.5,9.0,44.0,50.3,15.1,3.7,45.0,44.8,16.6,18.0,1.5,25.4,48.7,26.3,53.6,41.7,58.3,0.7,24.9,316445,54.3,11.0,3.7,14.7,61.9,16.3,0.2,20.9,34.1,65.9,33.3,66.7,88.8,29.4,98.9,97.8,7.1,7.9,97.8,98.2,95.1,81.5,9.3,93.8,51.5,94.4,72.6,34.8,99.2,5.3,0.7,0.0,0.6,1.5,1.9
63,Tlaxcala-Apizaco,570308,295693,274615,23408,26885,55495,28719,29523,372428,64333,415938,386415,94106,51592,19575,22791,8878,105253,209725,167134,269423,116621,152802,7035,145340,169149,168661,7950,458881,40502,868,49191,152525,49624,102901,568700,166298,402402,152525,192172,152573,5346,38945,146745,146460,130362,41616,143958,145236,121609,93809,39496,137633,55601,131964,70910,17901,10003,10662,3284,5451,11462,104,11255,8925,30344,3.3,0.4,51.8,48.2,4.1,4.7,9.7,5.0,5.2,65.3,67.8,11.3,16.5,54.8,20.8,4.0,43.9,46.8,14.4,23.9,2.1,25.3,54.3,29.3,47.2,43.3,56.7,1.2,25.5,176611,29.7,29.6,1.4,31.0,80.5,7.1,0.2,8.6,32.5,67.5,29.2,70.8,79.4,25.5,96.2,96.0,85.5,27.3,94.4,95.2,79.7,61.5,25.9,90.2,36.5,86.5,46.5,11.7,99.7,3.5,2.0,0.0,2.0,5.3,1.6
64,Toluca,2353924,1209745,1144179,105941,118423,243171,126103,126046,1604696,236325,1758168,1632122,281479,151393,50524,81819,54883,458520,823337,718038,1136006,467407,668599,26339,801702,828394,411197,37503,2026661,156922,3695,161415,596909,169243,427666,2346173,586753,1759420,596909,727661,597044,19105,147472,593079,584031,452696,178436,575255,582198,475028,392728,181423,561514,244791,525067,315420,113336,35170,37084,12845,19047,61930,1021,60240,37704,159487,3.7,0.5,51.4,48.6,4.5,5.0,10.3,5.4,5.4,68.2,69.3,10.0,12.0,53.8,17.9,3.5,43.0,45.3,15.7,23.3,3.1,26.1,50.4,30.5,48.3,41.1,58.9,1.1,34.1,448700,35.2,17.5,1.6,19.1,86.1,6.7,0.2,6.9,28.4,71.6,25.0,75.0,82.0,24.7,99.4,97.8,75.8,29.9,96.4,97.5,79.6,65.8,30.4,94.1,41.0,88.0,52.8,19.0,99.7,3.2,2.6,0.0,2.6,6.8,1.6
65,Tula,256795,132102,124693,10737,12784,26448,13347,13441,174157,28728,193340,179899,70049,36784,23460,12318,5163,56646,81918,81183,121642,49855,71787,3369,74496,96969,56345,2646,208262,22097,673,25374,71749,21853,49896,256088,70191,185897,71749,104620,71769,2237,17832,71144,70284,56999,16374,69836,70369,62396,49754,19054,66730,25097,63877,31978,9066,5494,5672,1585,2807,1728,3,1704,4818,4711,3.2,0.4,51.4,48.6,4.2,5.0,10.3,5.2,5.2,67.8,70.1,11.2,27.3,52.5,33.5,4.8,44.6,46.0,12.9,22.8,2.7,29.3,45.5,31.6,47.4,41.0,59.0,1.3,29.0,58991,37.8,21.9,1.0,23.0,81.1,8.6,0.3,9.9,30.5,69.5,27.4,72.6,68.6,24.9,99.2,98.0,79.4,22.8,97.3,98.1,87.0,69.3,26.6,93.0,35.0,89.0,44.6,12.6,99.7,3.1,0.7,0.0,0.7,1.8,1.9
66,Tulancingo,268351,141072,127279,12691,13553,28692,14744,14766,177875,30728,198534,183768,40400,22289,8045,11492,10685,54299,73372,76515,134319,59348,74971,1893,115038,62623,72638,1923,220149,22020,397,25500,73173,25032,48141,267454,82223,185231,73173,94561,73209,3072,21820,72680,70900,65391,21015,70071,71286,62126,47314,18975,67882,21725,65698,32929,8774,5224,4944,1854,2499,5170,109,5007,3214,12766,3.0,0.3,52.6,47.4,4.7,5.1,10.7,5.5,5.5,66.3,68.5,11.5,15.1,55.2,19.9,4.3,45.5,43.0,16.1,21.7,5.4,27.3,39.9,28.5,50.1,44.2,55.8,0.7,42.9,74561,23.3,27.1,0.7,27.8,82.0,8.2,0.1,9.5,34.2,65.8,30.7,69.3,77.4,29.8,99.3,96.9,89.4,28.7,95.8,97.4,84.9,64.7,25.9,92.8,29.7,89.8,45.0,12.0,99.7,4.2,1.9,0.0,1.9,4.8,1.2
67,Tuxtla Gutiérrez,848274,440042,408232,40995,46039,88506,42704,42880,570269,86837,627450,584570,47129,23869,12412,33484,34128,115589,310623,246887,411867,177237,234630,9762,345970,225376,155858,17451,558349,186941,569,98767,228834,78847,149987,846364,271769,574595,228834,292865,228908,26930,79401,226716,212492,188464,130982,224807,225927,203300,156129,17135,209972,86734,208239,116080,32979,16392,14423,5793,7048,20697,506,20145,10988,41135,3.2,1.0,51.9,48.1,4.8,5.4,10.4,5.0,5.1,67.2,68.9,10.2,5.6,50.6,26.3,3.9,49.0,43.1,17.3,21.0,5.4,18.4,53.1,29.1,48.6,43.0,57.0,1.2,40.8,173309,26.6,18.4,2.1,20.4,65.8,22.0,0.1,11.6,34.5,65.5,32.1,67.9,78.2,34.7,99.1,92.9,82.4,57.2,98.2,98.7,88.8,68.2,7.5,91.8,37.9,91.0,50.7,14.4,99.8,11.8,2.4,0.1,2.4,4.8,1.3
68,Valle de México,21804515,11281695,10522820,765636,916730,1883707,998750,1019426,15241707,2967831,17224108,16204682,6574984,3518661,711200,1074244,307033,3956592,9146338,6698081,11228212,4895455,6332757,252617,6778925,8870141,3122760,676191,16506476,1702178,112682,3407787,6230614,2245790,3984824,21717337,7239227,14478110,6230614,7090310,6232380,324100,1909946,6208184,6117850,5054717,3127493,6172450,6183905,5698804,4987949,1485390,5964356,3181371,5672153,4222194,1651537,497650,488400,138806,239174,319615,2810,311238,421799,797934,3.1,0.5,51.7,48.3,3.5,4.2,8.6,4.6,4.7,69.9,74.3,13.6,30.2,53.5,10.8,4.9,46.3,45.5,12.9,22.3,1.8,23.0,56.4,30.7,51.5,43.6,56.4,1.2,31.1,3798951,40.7,14.3,3.1,17.4,75.7,7.8,0.5,15.6,36.0,64.0,33.3,66.7,87.9,30.7,99.6,98.2,81.1,50.2,99.1,99.3,91.5,80.1,23.8,95.7,51.1,91.0,67.8,26.5,99.6,5.2,1.5,0.0,1.4,3.7,1.9
69,Veracruz,939046,492617,446429,29113,37198,79568,40324,41211,656544,139857,751681,710470,101027,52652,21260,48699,22158,149669,386216,298635,480764,211326,269438,10916,259687,459640,112942,17175,683692,136841,1779,114220,312801,124921,187880,936741,356601,580140,312801,423759,312891,25609,112590,311195,308156,207070,55319,309212,309100,292544,254428,34762,290523,126425,289184,189950,73026,23517,21894,7474,10364,5538,54,5452,39683,13251,2.8,0.0,52.5,47.5,3.1,4.0,8.5,4.3,4.4,69.9,75.7,14.9,10.8,52.1,21.0,5.2,48.3,45.0,15.3,21.3,2.9,19.9,54.4,31.8,51.2,44.0,56.0,1.2,27.7,130117,48.9,12.0,1.8,13.9,72.8,14.6,0.2,12.2,39.9,60.1,38.1,61.9,73.8,36.0,99.5,98.5,66.2,17.7,98.9,98.8,93.5,81.3,11.1,92.9,40.4,92.4,60.7,23.3,99.8,8.2,0.6,0.0,0.6,1.4,4.2
70,Villahermosa,833907,430933,402974,35382,41542,84453,41677,40486,570811,91357,630223,589737,102420,52482,15239,46793,21356,130775,340332,243706,415744,179541,236203,10692,255871,256631,158120,16098,538985,211160,509,80985,239645,81561,158084,831274,260185,571089,239645,300042,239690,25035,86549,238651,236040,144185,42628,237143,237400,220899,196741,26047,219071,93606,218385,126465,44491,22506,22806,7131,8825,48276,322,47580,14036,75194,3.0,1.0,51.7,48.3,4.2,5.0,10.1,5.0,4.9,68.5,70.7,11.0,12.3,51.2,14.9,5.6,48.1,48.7,15.2,18.9,3.4,20.8,57.7,29.2,49.9,43.2,56.8,1.3,30.7,174218,30.8,19.0,1.9,20.9,64.6,25.3,0.1,9.7,34.0,66.0,31.3,68.7,79.9,36.1,99.6,98.5,60.2,17.8,99.0,99.1,92.2,82.1,10.9,91.4,39.1,91.1,52.8,18.6,99.7,10.4,5.8,0.0,5.7,9.0,1.7
71,Xalapa,789157,417651,371506,27864,34419,72054,36955,38866,543682,108578,617357,578491,61114,32950,13314,39193,23405,108828,322346,246476,397758,179407,218351,8807,221418,299932,187127,11533,624013,71833,1231,90720,238348,96306,142042,787506,295520,491986,238348,306570,238419,19081,82837,236471,234534,191242,45572,233410,235489,207894,166420,18083,219419,111619,216679,148581,55854,17204,17914,5462,8833,3642,16,3601,26007,9022,3.0,0.4,52.9,47.1,3.5,4.4,9.1,4.7,4.9,68.9,73.3,13.8,7.7,53.9,21.8,5.0,43.9,45.7,13.9,22.5,3.8,17.6,55.7,31.2,50.4,45.1,54.9,1.1,28.1,198660,38.0,23.7,1.5,25.2,79.1,9.1,0.2,11.5,40.4,59.6,37.5,62.5,77.8,34.8,99.2,98.4,80.2,19.1,97.9,98.8,87.2,69.8,7.6,92.1,46.8,90.9,62.3,23.4,99.8,8.0,0.5,0.0,0.5,1.1,3.3
72,Zacatecas-Guadalupe,405285,209262,196023,19293,21942,42983,20815,21045,273490,40547,299395,278350,41604,20813,10261,21191,5168,73377,156349,124032,190531,81971,108560,4415,67699,208002,78723,2763,365283,19806,365,18550,113771,36229,77542,402979,114048,288931,113771,146663,113827,1688,23809,113204,111995,108315,24300,112428,112633,106928,99873,16500,109223,58195,105863,78065,28443,9429,9980,2668,3984,1182,10,1152,4933,2460,3.2,0.2,51.6,48.4,4.8,5.4,10.6,5.1,5.2,67.5,68.7,10.0,10.3,50.0,24.7,5.2,44.5,47.1,12.6,18.8,1.7,24.5,56.2,30.6,47.0,43.0,57.0,1.1,16.7,81486,51.3,19.4,0.7,20.1,90.1,4.9,0.1,4.6,31.8,68.2,28.3,71.7,77.6,20.9,99.5,98.4,95.2,21.4,98.8,99.0,94.0,87.8,14.5,96.0,51.2,93.0,68.6,25.0,99.4,1.5,0.3,0.0,0.3,0.6,1.2
73,Zamora,273641,141483,132158,13748,15475,30854,15073,14368,175946,32588,198417,184049,20569,10405,4469,14226,12889,37064,65326,72850,138249,59635,78614,1575,97523,115140,41308,5242,242580,16639,203,13785,76204,25149,51055,272732,84066,188666,76204,97510,76259,1841,21098,75870,74941,61677,23284,75345,75607,69871,58749,30106,72357,26343,67489,42444,11756,7258,6197,2055,2960,1761,23,1731,4719,4490,3.0,0.5,51.7,48.3,5.0,5.7,11.3,5.5,5.3,64.3,67.3,11.9,7.5,50.6,21.7,5.2,51.0,43.6,14.4,20.8,6.5,18.7,35.5,26.6,50.5,43.1,56.9,0.6,35.6,46550,42.1,15.1,1.9,17.0,88.6,6.1,0.1,5.0,33.0,67.0,30.8,69.2,78.2,27.7,99.6,98.3,80.9,30.6,98.9,99.2,91.7,77.1,39.5,95.0,34.6,88.6,55.7,15.4,99.7,2.4,0.6,0.0,0.6,1.6,1.7
